Country,1,2,3,4,5,6,7,8,9,10,11,12,13,14,15,16,17,18,19,20,21,22,23,24,25,26,27,28,29,30,31,32,33,34,35,36,37,38,39,40,41,42,43,44,45,46,47,48,49,50,51,52,53,54,55,56,57,58,59,60,61
Wallis and Futuna Islands,0,0,0,0,0,0,0,0,0,0,0,0,0,0,0,0,0,0,0,0,0,0,0,0,0,0,0,0,0,0,0,0,0,0,0,0,0,0,0,0,0,0,0,0,0,0,0,0,0,0,0,0,0,0,0,0,0,0,0,0,0
Japan,20.25,19.99,19.78,19.47,22.34,22.06,22.82,22.66,22.54,23.05,22.41,22.41,22.62,22.23,21.89,22.49,23.02,22.78,21.81,22.54,22.33,22.74,22.97,23.15,22.98,22.74,22.44,22.27,22.18,21.63,21.57,21.28,20.62,19.44,20.88,21,21.06,19.98,19.73,19.31,19.18,19.24,19.17,18.05,17.67,18.54,19.56,19.09,17.72,15.88,15.46,15.04,14.83,14.51,14.48,14.29,14.29,14.63,14.1,13.26,13.09
Jamaica,34.87,36.94,34.92,26.69,42.85,44.47,46.77,46.16,48.7,45.29,44.93,43.2,43.31,43.86,43.74,43.67,41.22,40.9,41.26,40.75,39.72,39.39,39.64,39.48,37.83,37.06,36.86,36.3,35.69,34.51,33.99,34.2,33.23,32.64,32.22,31.88,30.64,30.58,30.33,29.18,28.42,27.82,27.25,27.2,27.07,26.95,27.48,26.68,25.45,25.41,25.12,25.32,25.52,25.28,24.93,24.91,23.13,22.71,21.7,21.37,20.22
Jordan,14.9,14.41,13.58,13.01,13.57,14.55,13.92,13.52,14.28,15.86,16.11,16.06,16.23,17.44,18,18.25,18.76,18.93,19.22,19.7,18.87,18.49,18.29,19.12,19.27,19.23,19.28,18.45,19.06,18.85,18.6,18.22,18.33,18.72,18.93,18.98,19.28,19.79,19.49,19.28,18.73,18.97,15.65,18.3,20.68,20.96,21.42,20.49,19.69,18.62,18.49,18.2,16.95,16.94,15.86,17.34,17.21,16.57,16.73,16.87,16.58
Samoa,14.04,39.05,32.59,11.68,18.53,32.53,30.53,13.63,48.8,31.71,23.6,31.03,19.92,18.31,18.56,15.81,10.97,25.54,25.47,17.19,23.62,26.24,34.6,28.36,35.17,27.85,24.66,27.18,26.72,32.5,31.37,25.07,24.47,29.05,23.04,32.29,31.62,30.84,29.08,34.02,47.35,47.75,59.43,56.78,40.03,44.08,42.64,40.7,43.14,44.44,42.32,43.35,36.22,28.9,31.39,32.44,31.57,27.86,29.59,37.68,37.93
Jersey,45.8,19.07,22.72,19.55,22.09,23.76,24.58,24.72,24.01,23.12,20.51,22.8,21.2,19.49,21.12,22.32,21.21,21.11,21.57,22.43,19.96,18.51,17.95,19.68,18.62,17.42,17.89,17.01,16.23,16.81,17,17.44,16.56,16.4,16.75,17.17,15.96,14.55,15.44,16.37,16.5,15.86,15.28,14,15.03,14.62,13.73,13.8,12.83,13.12,13.1,14.11,12.99,14.13,16.15,0,0,0,0,0,0
Guinea-Bissau,29.09,7.63,6.04,15.74,16.02,10.71,11.87,3.45,18.89,6.87,20.13,7.5,4.53,5.18,20.23,32.35,25.99,7.9,19.12,6.05,8.62,12.65,12.07,10.51,9.69,9.34,10.4,19.74,15.86,21.2,16.16,15.14,14.25,18.39,14.3,14.27,19.92,22.28,16.83,29.89,21.49,21.58,25.39,26.44,23.02,34.1,20.13,26.51,40.96,49.51,39.05,24.9,22.1,23.94,21.75,35.98,34.32,39.25,48.33,43.13,48.14
Guam,22.41,25.49,24.93,27.05,30.22,31.97,31.5,32.72,29.51,30.46,31.31,31.83,33.83,31.43,31.56,33.02,34.07,30.96,32.7,31.82,30.23,31.13,29.63,29.99,28.75,28.89,27.12,27.39,28.42,27.33,26.8,27.55,26.51,26.09,25.47,24.18,24.12,24.21,24.73,24.92,24.9,22.96,21.06,21.15,20.48,20.55,20.32,19.08,19.38,18.95,19.49,17.4,18.12,17.2,16.81,15.79,15.03,14.67,13.77,13.96,12.85
Guatemala,17.04,16.47,17.39,19.07,22.45,24.22,24.69,24.34,23.94,24.73,24.16,24.62,25.12,26.04,26.94,28.16,28.3,28.75,28.81,29.32,29.15,28.96,28.7,28.62,28.44,27.9,27.32,27.59,27.92,27.96,27.18,26.51,25.26,24.7,25.94,26.81,26.93,26.67,25.57,24.64,24.39,24.94,23.64,23.43,23.63,24.09,24.27,24.21,23.78,23.23,22.4,22.31,21.13,21.38,21.2,21.19,20.49,20.45,20.2,20.27,20.13
South Georgia and the South Sandwich Islands,0,0,0,0,0,0,0,0,0,0,0,0,0,0,0,0,0,0,0,0,0,0,0,0,0,0,0,0,0,0,0,0,0,0,0,0,0,0,0,0,0,0,0,0,0,0,0,0,0,0,0,0,0,0,0,0,0,0,0,0,0
Greece,33.96,33.18,34.58,36.25,39.79,41.98,42.21,42.32,42.99,43.16,43.54,43.85,43.37,43.74,44.51,44.11,43.82,43.98,44.32,44.53,45.29,45.73,46,45.47,44.83,45.32,45.11,44.65,44.23,44.54,44.15,43.9,43.44,43.22,42.73,42.36,41.84,41.76,41.8,41.32,40.71,40.58,38.98,38.38,37.71,37.85,38.31,37.6,36.71,36.56,36.67,36.63,36.07,36.21,35.74,35.6,34.97,34.22,33.89,33.14,32.99
Equatorial Guinea,0,0,0,0,0,0,0,0,0,0,0,0,0,0,0,0,0,0,0,0,0,0,0,0,0,0,0,0,0,0,0,0,0,0,0,0,0,0,0,0,0,0,0,0,0,0,0,0,0,0,0,0,0,0,0,0,0,0,0,0,
Guadeloupe,28.76,30.36,32.95,34.27,34.79,34.78,37.52,39.38,38.88,35.35,34.4,35.9,36.97,37.56,36.56,35.51,37.19,36.91,35.68,36.63,35.01,35.14,36,34.06,32.21,33.55,34.13,32.32,33.62,32.82,32.52,31.33,31.57,30.54,30.55,28.92,30,28.95,28.77,28.84,29.49,29.14,28.67,28.15,27.75,27.43,27.95,26.38,24.47,23.99,24.56,24.62,24.34,25.38,23.74,22.59,22.98,22.54,22.14,21.02,20.47
Guyana,32.43,32.36,31.75,33.85,37.6,40.36,37.57,39.85,39.8,36.54,33.09,33.43,35.01,37.94,38.78,38.55,37.06,38.18,36.31,34.25,34.2,32.86,33.64,35.02,34.78,35.09,35.45,34.74,34.5,33.6,33.81,34.05,33.24,33.74,33.35,33.49,34.56,34.65,35.1,34.07,32.99,33.59,31.9,31.89,31.95,32.39,27.57,17.54,16.1,16.47,13.41,17.02,22.62,28.61,29.82,29.29,27.24,28.01,26.17,25.89,17.11
Guernsey,80,16.67,37.27,13.79,12.88,24.09,7.56,4.31,32.5,15.61,18.6,26.14,21.13,20.02,18.44,19.58,20.32,21.3,22.1,19.43,17.19,17.29,15.8,19.19,18.25,17.81,18.91,17.71,16.6,17.8,17.92,15.38,11,11.73,13.11,14.74,14.64,15.34,15.09,14.76,14.17,14.43,14.53,14.93,15.08,15.13,14.02,12.63,13.48,13.58,13.86,12.12,12.14,12.4,0,0,0,0,0,0,0
French Guiana,0,0,0,0,0,0,0,0,0,0,0,0,0,0,0,0,0,0,0,0,0,0,0,0,0,0,0,0,0,0,0,0,0,0,0,0,0,0,0,0,0,0,0,0,0,0,0,0,0,0,0,0,0,0,0,0,0,0,0,0,0
Georgia,17.89,11.32,16.29,15.19,16.25,16.62,15.55,15.14,13.56,13.33,14.35,16.8,16.89,16.51,15.49,15.55,15.48,13.4,15.44,18.09,15.64,18.35,19.25,18.38,19.53,20.51,19.25,19.96,19.98,19.74,18.43,17.67,17.96,17.46,17.17,17.22,17.39,17.03,16.02,15.17,14.14,13.11,12.1,12,12.54,12.28,12.09,11.82,12.67,13.41,12.55,12.18,12.41,12.5,12.33,12.14,11.85,11.47,10.67,10.57,9.89
Grenada,31.64,43.49,41.24,38.36,39.99,38.14,35.25,37.1,37.54,38.38,35.63,31.88,33.46,36.63,38.07,39.86,37.22,33.04,33.36,28.7,30.43,33.43,30.95,30.12,28.39,27.03,27.22,27.72,30.26,25.1,25.69,26.61,26.98,26.92,26.43,24.18,23.87,22.51,24.26,22.4,23.88,22.15,23.8,22.93,24.45,23.97,23.62,21.63,21.59,20.98,19.88,19.57,19.81,19.43,19.46,19.48,18.71,18.86,19.03,17.35,16.65
United Kingdom,21.76,23.38,22.54,23.08,24.22,24.43,25.83,26.34,26.74,27.28,27.01,26.99,26.86,27.52,27.29,27.15,26.36,26.31,25.51,24.99,25.33,26.09,25.86,25.12,24.74,24.68,23.56,23.11,22.65,23.25,22.5,22.38,22.53,22.68,21.68,21.66,21.65,21.75,21.14,20.89,20.56,20.78,19.78,19.77,19.79,19.74,19.95,19.38,18.9,18.74,18.23,17.96,17.91,17.74,16.64,16.59,15.94,16.15,15.64,15.63,15.88
Gabon,13.18,20,23.18,24.19,27.25,23.88,27.51,27.25,29.2,24.11,22.26,22.58,21.8,22.6,22.17,26.89,24.45,21.09,22.67,25.43,22.63,23.54,24.37,24.27,24.88,26.07,25.78,26.43,29.95,32.65,31.66,29.28,30.06,29.77,30.39,32.17,33.7,31.53,28.21,27.25,27.68,29.74,30.12,28.24,31.83,33.2,29.91,30.62,33.4,31.08,32.25,33.68,32.24,31.77,30.3,31.44,30.16,31.3,28.88,29.12,30.03
Guinea,12.13,19.84,36.52,31.97,30.75,42.85,30.86,38.3,44.22,29.55,25.06,24.98,28.88,36.9,33.19,42.55,42.89,36.11,32.81,34.42,32.45,38.75,39.21,42.23,40.95,30.81,38.29,40.08,37.59,37.57,35.61,37.69,35.86,36.27,38.8,34.3,32.38,36.76,36.52,30.39,30.05,32.3,37.42,33.5,40.79,36.72,32.63,32.89,37.36,37.86,37.36,30.82,30.46,32.99,33.69,37.01,35.43,34.84,28.33,30.79,30.71
Gambia,38.82,33.22,41.54,36.01,51.15,53.75,48.6,54.57,46.5,46.99,52.83,49.44,50.27,48.6,49.26,47.49,52.39,50.76,48.25,51.58,52.13,54.35,57.98,57.82,55.37,57.4,59.53,57.9,54.01,57.14,55.2,56.06,58.28,56.82,56.49,58.96,59.39,59.26,58.08,56.5,58.72,58.17,60.6,59.63,56.6,59.5,58.45,59.12,61.2,61.29,58.15,56.69,58.87,59.74,59.51,59.62,60.18,57.58,60.2,56.57,58.37
Greenland,14.8,16.78,17.07,15.58,17.01,14.12,15.49,14.09,11.63,16.24,16.33,14.12,21.9,24.02,21.39,26.55,31.16,22.15,24.4,40.72,39.11,25.48,22.59,27.71,24.38,22.9,19.95,19.54,19.49,19.86,19.6,18.24,17.65,19.86,18.73,19.45,18.42,17.33,16.11,15.82,14.7,15.89,17.51,13.02,13.33,14.49,14.92,17.32,15.35,13.93,13.86,14.29,13.98,12.21,12.84,13.08,13.67,13.81,13.15,13.4,12.74
Gibraltar,21.45,27.35,29.12,23.54,26.88,24.54,30.74,31.06,30.75,31.33,29.4,31.76,32,31.68,33.52,35.38,35.59,31.75,28.14,27.99,29.93,31.12,31.52,31.65,33.82,31.15,28.25,26.24,24.65,23.25,22.99,22.06,23.63,24.08,22.68,23.95,25.01,24.04,22.94,24.22,24.03,23.94,22.14,20.84,21.84,22.42,21.52,22.08,20.81,22.82,20.74,19.91,19.26,20.11,18.17,18.52,15.64,17.84,17.44,17.83,17.3
Ghana,38.45,37.85,29.68,31.7,35.51,43.4,47.05,46.63,46.13,45.42,47.65,47.92,50.23,51.68,52.65,55.87,53.63,52.97,52.94,53.4,54.58,56.64,58.29,62.25,62.29,63.11,62.92,63.36,62.44,61.46,57.64,58,58.95,59.04,58.64,59.2,59.51,58.21,58.36,58.67,57.54,57.15,56.88,57.92,56.3,59.45,60.28,59.16,58.84,58.28,57.47,56.37,55.4,63.36,56.87,56.3,56.15,54.4,53.95,54.3,54.26
Puerto Rico,0,0,0,0,0,0,0,0,0,0,0,0,0,0,0,0,0,0,0,0,0,0,0,0,0,0,0,0,0,0,0,0,0,0,0,0,0,0,0,0,0,0,0,0,0,0,0,0,0,0,0,0,0,0,0,0,0,0,0,0,0
Palestinian Territory,0,0,0,0,0,0,0,0,0,0,0,0,0,0,0,0,0,0,0,0,0,0,0,0,0,0,0,0,0,0,0,0,0,0,0,0,0,0,0,0,0,0,0,0,0,0,0,0,0,0,0,0,0,0,0,0,0,0,0,0,0
Palau,69.25,57.04,60.26,18.24,11.05,16.29,13.08,15.07,19.81,19.36,26.04,39.94,34.93,39.6,30.63,29.99,71.06,72.9,71.21,59.35,31.71,23.89,28.09,34.3,31.23,32.27,28.77,28.02,29.14,32.81,28.97,32.39,37.68,30.71,29.66,33.91,29.22,38.14,34.42,35.07,30.71,31.56,30.01,32.01,33.97,32.68,28.28,23.42,27.15,31.85,32.95,34.13,23.79,28.4,28.62,25.97,24.62,25.27,24.3,23.28,22.2
Portugal,31.04,30.67,28.87,28.47,29.55,31.33,30.33,29.67,29.8,29.78,29.74,28.8,28.72,29.2,29.02,28.18,28.55,28.03,27.47,27.73,27.86,28.42,28.28,28.46,27.93,27.66,27.33,26.94,26.65,26.37,26.36,25.43,25.19,24.96,24.45,24.35,23.98,23.99,24.24,23.78,22.98,22.52,22.1,21.54,21.1,20.92,21.38,21.24,20.21,20.3,19.84,19.74,19.36,19.09,19.01,18.76,18.26,17.87,17.29,16.79,16.31
Paraguay,37.14,35.07,28.54,28.62,31.64,33.82,34.25,35.37,35.69,36.56,37.15,37.96,39.53,40.47,41.21,41.97,42.09,42.72,42.15,42.78,43.55,43.75,43.99,43.33,42.84,42.82,41.97,41.15,40.59,39.99,39.22,38.79,38.71,38.3,38.49,38.54,37.81,37.23,36.94,36.17,35.8,35.22,34.63,34.09,33.86,33.37,33.58,32.86,32.38,32.15,31.35,31.23,30.28,27.34,27.79,27.74,27.12,27.47,27.19,27.09,27.01
Panama,18.83,20.86,21.16,21.25,20.22,21.08,19.79,20.78,21.95,22.26,22.13,21.64,21.7,22.74,23.55,23.33,24.01,23.7,22.48,23.57,22.89,22.02,22.05,21.44,21.59,21.4,21.35,20.78,20.9,20.75,20.43,20.02,19.48,19.56,19.52,19.34,18.93,18.33,18.37,17.84,17.5,18.07,17.46,17.45,17.23,17.11,17.08,16.69,16.33,15.92,15.16,15.43,14.89,14.83,14.61,14.55,13.44,13.31,13.07,13.29,13.21
French Polynesia,0,0,0,0,0,0,0,0,0,0,0,0,0,0,0,0,0,0,0,0,0,0,0,0,0,0,0,0,0,0,0,0,0,0,0,0,0,0,0,0,0,0,0,0,0,0,0,0,0,0,0,0,0,0,0,0,0,0,0,0,0
Papua New Guinea,10.77,18.2,14,13.2,19.45,20.39,22.68,17.41,19.13,20.73,18.49,22.69,23.06,23.76,22.92,20.91,21.06,18.55,18.83,19.91,17.95,22.5,20.02,25.28,24.55,24.48,20.87,22.84,21.65,21.72,22.69,18.97,19.2,19.43,21.31,18.94,18.87,20.51,19.59,19,21.19,23.02,21.81,20.6,20.2,23.02,25.09,23.12,21.83,21.61,23.45,21.72,20.77,20.91,22.34,28.16,22.14,21.27,21.74,18.73,19.84
Peru,10.03,10.9,11.71,11.9,10.33,11.59,12.16,12.31,12.14,12.84,12.33,12.58,11.72,12.8,12.9,13.01,10.99,9.09,8.82,12.05,13.79,13.57,13.39,12.97,12.81,12.57,12.45,12.47,12.49,12.65,12.55,12.42,12.37,12.57,12.9,13.17,13.72,13.59,14.17,14.24,14.34,14.75,14.75,14.7,14.91,14.85,15.74,15.69,15.55,15,14.73,14.93,14.63,14.28,13.95,13.62,13.26,13.21,12.82,13.04,12.59
Pakistan,20.41,23.17,25.7,24.05,23.59,25.64,26.57,26.43,26.13,26.79,27.29,26.83,27.48,29.42,28.59,29.69,30.14,29.26,29.56,29.63,29.42,29.89,29.49,29.49,29.55,29.96,29.68,29.88,30.45,31.12,30.95,31.06,31.59,32.15,32.08,31.44,31.69,31.7,30.92,30.69,30.92,30.98,31.04,31.32,32.27,32.78,33.29,32.94,31.11,29.93,29.68,30.51,30.34,31.23,31.02,30.49,29.55,29.03,27.75,27.04,26.26
Philippines,42.58,47.53,47.95,48.3,52.37,51.94,52.69,53.97,54.16,54.73,55.23,55.68,57.03,58.24,58.91,60.12,60.96,61.57,61.06,59.7,60.1,58.81,57.97,55.95,54.83,53.02,51.88,49.42,47.18,45.42,43.98,42.63,40.95,39.02,37.63,37.13,36.35,34.66,34.03,32.37,31.56,30.46,29.91,29.46,28.5,27.91,28.55,28.19,27.63,27.34,26.88,25.81,26.04,25.32,25.15,24.84,23.4,22.04,21.57,21.84,21.88
Pitcairn,100,80,0,100,4.35,2.6,0,0,0,0,0,0,0,0,0,0,0,0,0,0,0,0,0,0,0,0,0,0,0,0,0,0,0,0,0,0,0,0,0,0,0,0,0,0,0,0,0,0,0,0,0,0,0,0,0,0,0,0,0,0,0
Poland,48.33,49.14,48.8,50.53,52.57,53.53,48.98,49.74,50.85,52.18,52.27,54.26,55.17,56.22,55.19,54.66,54.99,54.43,53.43,55.01,54.28,54.9,54.97,54.76,55.33,54.91,54.54,53.76,53.28,52.77,52.63,52.45,52.07,52.51,52.14,51.91,51.92,51.28,50.92,50.28,49.78,49.56,48.08,47.72,47.11,48.08,48.17,47.8,47.26,46.51,45.79,45.78,45.75,44.46,44.25,45.24,44.82,44.26,43.51,43.88,43.55
Saint Pierre and Miquelon,0,0,0,0,0,0,0,0,0,0,0,0,0,0,0,0,0,0,0,0,0,0,0,0,0,0,0,0,0,0,0,0,0,0,0,0,0,0,0,0,0,0,0,0,0,0,0,0,0,0,0,0,0,0,0,0,0,0,0,0,0
Zambia,15.52,16.68,12.88,14.94,16.51,26.52,26.97,31.49,29.83,28.54,27.99,28.15,28.93,30.21,28.39,29.36,30.13,31.64,32.44,34.03,36.49,34.72,33.02,35.15,36.09,36.08,34.55,33.71,36.21,35.84,34.8,37.02,36.95,36.17,35.13,35.72,36.4,34,33.4,33.87,34.75,35.64,37.44,36.96,34.85,35.12,35.41,35.42,35.28,35.94,34.65,34.58,32.99,33.61,33.53,33.67,33.44,32.71,32.77,32.12,33.15
South Africa,17.06,21.35,16.28,16.05,17.43,20.57,22.62,22.44,21.54,21.91,23.56,24.31,23.83,24.59,24.93,24.68,23.68,24.23,22.02,21.56,20.84,21.41,21.67,22.18,21.22,20.39,20.46,20.44,20.33,21.08,20.39,20.31,20.64,21.02,20.4,20.59,20.26,19.91,20.09,20.78,20.2,20.4,19.36,19.57,19.91,20.01,20.72,20.51,19.88,19.49,19.32,19.19,19.08,18.71,17.71,18.06,17.97,17.58,17.27,17.45,17.07
Zimbabwe,17.63,21.15,13.82,16.67,18.52,23.13,24.98,25.8,27.67,30.31,28.69,29.07,30.41,33,30.26,29.66,33.06,31.07,29.38,33,32.41,33.19,34.16,36.79,35.06,35.41,37.59,37.11,37.39,37.27,37.37,37.13,37.92,37.44,37.28,37.41,37.23,36.02,35.85,34.97,34.16,33.99,35.7,36.3,37.86,38.64,40.2,40.39,38.81,37.4,37.65,38.15,37.26,36.19,36.41,38.17,38.38,37.73,37.75,37.83,36.56
Montenegro,30.44,29.02,29.82,28.71,34.68,37.02,36.6,36.22,38.43,40.67,39.43,39.63,43.16,43.36,40.06,40.02,39.53,39.07,38.57,39.87,40.38,43.17,42.89,42.88,42.21,41.49,41.69,39.59,39.4,38.46,37.27,36.01,35.08,34.54,34.3,35.43,35.72,33.64,33.44,33,33.73,33.95,32.68,32.23,32.77,33.53,33.59,32.43,32.56,32.89,32.08,32.75,33.42,31.99,31.65,31.06,30.88,30.61,30.58,29.81,28.81
"Moldova, Republic of",0,0,0,0,0,0,0,0,0,0,0,0,0,0,0,0,0,0,0,0,0,0,0,0,0,0,0,0,0,0,0,0,0,0,0,0,0,0,0,0,0,0,0,0,0,0,0,0,0,0,0,0,0,0,0,0,0,0,0,0,0
Madagascar,34.13,44.91,47.45,47.65,50.67,56.19,52.23,53.36,55.98,52.79,54.49,54.86,56.73,57.52,54.89,55.5,55.73,56.96,59.97,60.3,60.11,58.09,57.75,58.93,57.84,56.38,56.67,58.36,59.67,59.35,57.26,58.38,59.87,56.52,57.98,58.5,54.1,58.54,57.54,57.66,56.65,57.58,56.52,53.9,53.39,58.99,61.89,60.76,60.43,58.45,55.89,57.77,58.16,57.31,56.92,57.41,56.66,55.78,54.77,55.39,54.81
Saint Martin (French part),0,0,0,0,0,0,0,0,0,0,0,0,0,0,0,0,0,0,0,0,0,0,0,0,0,0,0,0,0,0,0,0,0,0,0,0,0,0,0,0,0,0,0,0,0,0,0,0,0,0,0,0,0,0,0,0,0,0,0,0,0
Morocco,16.33,17.32,17.26,16.34,16.12,16.65,17.63,18.02,18.47,19.07,19.78,20.44,21.3,22.75,22.72,22.31,22.91,23.84,24.7,26.3,26.2,25.99,26.43,27.33,27.67,28.3,29.28,29.27,29.96,31.08,31.32,32.07,33.14,33.5,33.84,34.66,35.41,35.58,35.84,35.32,33.94,34.61,33.48,33.36,35.34,36.57,38.57,37.77,36.47,35.45,34.54,34.33,34.24,35.29,35.24,35.42,34.57,33.72,33.17,32.09,30.42
Monaco,24.58,26.6,27.97,27.42,24.88,25.62,25.29,25.01,24.22,24.3,21.33,23.67,26.68,23.12,26.28,28.62,32.05,33.46,31.21,28.11,27.2,28.31,28.44,27.65,27.36,24.45,24.99,26.49,25.17,23.88,21.58,22.4,23.4,23.12,22.07,22.82,23.56,23.32,23.71,20.97,27.89,26.15,28.02,30.22,25.8,23.24,21.92,22.33,22.52,23.83,21.21,20.94,19.98,20.58,18.87,17.69,20.72,16.52,16.81,15.23,17.39
Myanmar,58.08,47.39,48.95,58.85,68.39,72.54,75.47,75.36,74.83,74.59,76.4,73.98,78.6,79.86,81.53,82.82,83,80.79,80.63,54.32,44.26,45.18,58.37,58.27,57.12,59.42,62.71,66.74,69.03,66.15,70.64,65.45,66.41,58.02,58.66,53.49,49.2,39.49,37.58,40.86,46.47,46.88,52.99,48.53,47.95,46.07,47.08,45.2,47.85,45.63,46.61,45.92,57.76,80.72,80.14,78.3,76.82,76.75,77.6,77.51,77.78
Mali,12.18,17.39,18.2,20.24,20.01,26.49,21.13,23.27,20.26,20.8,24.46,25.36,21.79,24.65,26.77,28.58,26.37,28.14,21.4,17.1,23.38,25.02,25.72,29.24,30.19,30.34,30.89,29.74,31.38,32.12,34.43,29,32.17,35.46,37.24,35.41,37.4,38.48,37,36.27,37.7,37.9,38.28,35.69,37.79,39.33,41.29,40.18,39.8,39.63,43.24,38.88,38.76,38.89,40.18,37,34.16,34.74,37.16,36.56,38.47
Macao,12.99,10.51,9.21,11.37,14.19,14.6,14.83,15.64,16.17,16.16,15.78,15.47,16.08,18.78,19.21,18.47,18.61,20.34,20.85,21.37,19,18.5,18.35,18.06,18.29,18.23,17.91,18.39,18.38,18.47,19.32,19.66,19.41,18.95,19.41,19.89,20.6,19.75,19.2,18.27,18.44,18.94,19.36,17.55,18.59,20.94,20.5,19.8,17.55,17.56,17.22,16.67,16.24,15.73,15.52,16.54,15.71,15.5,15.63,16.32,14.84
Mongolia,49.94,47.68,49.88,49,48.86,48.79,48.74,50.53,52.48,54.23,54.96,58.73,64.65,64.92,63.96,67.15,65.06,59.48,47.09,48.34,66.06,66.61,68.26,68.26,68.7,69.3,69.94,69.12,69.17,69.36,68.81,68.34,68.13,67.94,67.48,66.87,66.22,65.13,64.3,62.23,58.98,61.65,62.49,62.55,60.62,60.24,61.72,58.01,56.66,53.9,54.22,54.31,53.46,53.71,52.47,52.06,52.42,50.1,47.53,46.67,45.97
Marshall Islands,0,0,0,0,0,0,0,0,0,0,0,0,0,0,0,0,0,0,0,0,0,0,0,0,0,0,0,0,0,0,0,0,0,0,0,0,0,0,0,0,0,0,0,0,0,0,0,0,0,0,0,0,0,0,0,0,0,0,0,0,0
"Macedonia, The Former Republic of Yugoslavia",58.77,63.71,62.92,62.79,64.25,64.59,65.17,65.29,66.55,68.35,66.46,65.49,63.93,62.23,61.26,60.74,59.91,59.86,59.32,57.95,56.12,55.49,56.03,55,53.71,50.57,52.18,51.38,50.61,48.2,45.86,45.59,44.29,44.18,42.84,42.21,40.52,39.11,39.59,38.48,38.53,38.21,35.4,35.13,35.17,36.09,35.95,35.08,34.27,33.92,33.46,33.1,33.54,32.81,31.89,31.74,31.24,31.19,30.85,30.21,29.63
Mauritius,37.89,45.26,46.14,48.03,45.39,45.78,50.15,49.65,49.5,50.13,49.54,49.58,50.39,53,51.22,51.16,49.77,48.65,48.8,49.95,48.61,47.81,47.23,46.55,44.74,43.64,43.92,42.3,41.93,41.62,40.8,40.29,40.57,40.04,40.2,39.94,38.83,38.43,37.65,37.3,35.98,35.12,35.11,35.12,35.81,35.54,36.75,36.14,34.62,33.66,33.42,32.31,33.15,31.95,31.4,31.15,31.06,29.86,29.07,28.95,27.87
Malta,23.62,25.95,26.04,25.91,29.13,29.87,30.75,28.54,29.09,29.94,29.9,28.83,29.1,28.6,28.17,28.36,28.75,28.48,26.39,27.15,26.57,27.14,26.9,26.57,26.43,25.27,25.2,24.89,24.4,23.71,23.81,22.89,23.18,23.58,22.73,23,22.33,21.64,20.87,20.87,19.87,19.36,18.12,18.64,18.47,19.62,19.89,19.05,18.32,18.51,18.42,18.56,17.99,16.67,16.33,16.52,15.47,15.18,14.95,14.98,14.63
Malawi,23.96,18.72,10.91,10.23,9.52,17.07,20.41,25.02,25.66,28.68,25.46,22.2,25.47,23.92,25.95,25.22,23.08,23.3,21.82,26.5,23.37,24.92,25.47,25.39,26.87,24.11,24.32,26.43,25.61,27.34,26.49,28.54,28.42,28.52,26.82,29.64,30.49,28.79,28.16,27.48,28.83,29.12,29.38,27.98,28.56,29.5,31.93,31.66,32.76,31.07,31.94,33.42,34.8,34.44,37.41,37.81,35.21,36.64,38.36,37.17,33.13
Maldives,39.85,35.28,39.72,49.56,44.81,45.49,49.56,46.07,48.73,49.89,49.54,48.55,51.09,51.37,55.26,52.57,54.28,54.35,54.06,53.13,52.91,52.55,52.55,52.49,51.9,52.46,53.5,52.96,53.01,54.09,52.76,52.66,53.03,53.46,54.03,54.33,52.6,50.63,51.93,51.32,49.38,47.93,47.17,47.06,49.12,48.67,49.2,47.98,46.89,43.66,44.27,42.76,41.54,42.88,41.47,40.73,40.24,38.15,36.62,35.41,34.06
Martinique,25.66,41.55,38.45,35.05,34.59,37.45,36.98,39.02,39.78,36.87,47.19,37.18,39.84,44.46,39.82,34.89,36.02,35.71,38.93,33.84,32.02,32.71,33,37.72,34.77,34.08,32.31,31.79,33.21,33.25,32.25,31.1,31.6,31.62,31.19,30.24,30.16,31.71,30.82,29.51,29.56,30.66,19.4,21.04,30.23,26.35,22.52,27.19,24.3,24.38,23.96,23.82,23.54,23.38,22.72,22.09,20.63,20.03,21.23,19.78,19.55
Northern Mariana Islands,0,0,0,0,0,0,0,0,0,0,0,0,0,0,0,0,0,0,0,0,0,0,0,0,0,0,0,0,0,0,0,0,0,0,0,0,0,0,0,0,0,0,0,0,0,0,0,0,0,0,0,0,0,0,0,0,0,0,0,0,0
Montserrat,25.86,21.74,11.77,11.15,18.89,12.7,12.83,11.66,15.73,33.39,31.07,23.91,24.07,23.22,28.08,27.11,27.02,24.94,22.03,18.72,17.43,20.02,17.55,15.88,17.75,16.43,16.53,19.9,22.97,15.01,18.41,22.06,44.96,36.22,21.17,17.15,21.72,24.06,27.4,20.18,23.75,20.13,20.67,18.68,18.61,21.01,15.94,15.58,20.79,28.3,23.65,20.22,20.57,19.08,11.66,14.47,12.46,12.18,14.67,8.28,7.68
Mauritania,5.67,8.66,9.07,13.31,13.32,14.04,12.81,14.43,13.16,16.84,20.35,18.13,22.07,20.58,21.27,22.18,23.97,20.99,21.45,24.63,21.54,22.31,24.58,24.83,27.89,26.92,30.04,30.18,33.28,31.35,31.69,32.22,32.05,32.41,33.17,32.28,32.18,31.56,29.46,28.76,30.88,31.68,31.86,31.06,35.3,35.47,35.95,35.81,35.09,35.67,37.35,32.25,36.19,35.58,32.87,36.24,32.67,31.91,32.13,31.35,29.23
Malaysia,32.25,33.75,33.97,35.93,34.66,36.2,37.89,38.53,38.84,38.42,38.03,38.27,39.61,41.54,41.66,42.4,42.59,42.4,42.33,42.48,40.08,40.39,40.58,40.1,39.71,39.71,39.3,38.69,37.48,36.38,35.86,35.21,34.93,34.77,34.22,33.55,32.86,32.11,32.32,31.54,30.64,30.21,30.22,30.04,29.7,29.73,29.88,29.05,28.32,26.4,26.32,25.63,25.05,24.39,24.72,24.47,23.93,23.76,22.73,22.06,21.71
Mexico,13.53,14.46,14.86,15.37,17.34,18.09,19.1,19.5,19.49,19.65,19.76,19.88,20.41,22.02,21.63,22.22,22.1,22.54,21.54,20.48,20.69,20.89,20.76,20.32,20.23,19.74,19.32,19.17,19.02,19.21,18.72,18.19,18.09,18.43,18.13,18.1,18.06,17.61,17.32,16.91,16.2,16.21,15.96,15.71,16.01,16.1,16.53,15.86,14.84,15.57,14.8,14.75,14.31,14.06,13.62,13.49,13.01,13.03,13.07,12.86,12.6
Mozambique,24.12,24.86,24.52,26.09,31.13,30.22,30.26,33.41,31.46,29.56,29.83,31.45,32.05,31.86,31.38,32.55,33.2,33.26,32.6,32.05,28.37,29.3,29.86,30.06,30.67,28.63,29.73,31.53,31.56,30.08,28.07,28.67,29.35,29.35,29.21,29.35,29.22,30.29,28.78,28.43,27.95,27.87,26.94,27.87,27.67,27.35,29.38,29.68,29.19,29.02,27.24,26.36,26.55,26.35,25.04,25.8,25.36,25.67,24.79,24.41,24.56
France,33.23,41.62,43.78,40.53,36.68,33.79,31.25,29.65,31.5,30.96,31.84,35.63,37.96,33.85,33.41,33.03,33.83,33.67,33.78,35.36,36.57,36.64,36.67,36.79,36.19,35.56,35.7,36.32,36.74,36.03,36.44,36.54,36.79,36.52,36.14,35.63,35.45,34.93,32.7,34.31,34,32.96,31.94,32.37,32.87,32.47,33.03,32.36,31.39,30.84,30.57,30.14,30.13,29.33,28.72,28.71,28.14,27.99,27.95,27.94,27.56
Finland,48.22,47.94,47.76,49.52,50.55,52.42,51.9,52.03,51.54,52.88,52.58,53.03,53.74,52.81,52.64,52.66,52.52,52.86,52.93,52.91,53.58,54.31,54.29,53.84,53.57,51.73,50.98,50.85,50.2,50.1,49.85,49.34,48.88,48.73,47.92,47.08,47.4,45.81,45.1,45.02,43.85,43.89,42.61,42.15,41.74,41.87,41.58,40.24,39.39,37.94,38.1,38.18,37.82,37.41,36.57,35.97,35.37,34.72,34.31,34.18,33.37
Fiji,30.44,26.47,29.5,29.83,44.24,35.72,36.63,35.26,36.2,34.92,35.07,33.76,37.74,39.91,39.1,40.08,39,39.75,38.92,36.97,36.03,36.13,37.27,37.51,37.54,37.28,36.5,37.89,39.47,38.92,38.12,39.23,40.37,39.59,41.03,40.14,40.2,41.58,43.56,41.5,41.95,40.63,39.93,40.83,41.02,42.38,43.3,42.13,42.92,41.5,42.83,42.17,39.41,37.68,37.12,35.94,38.73,38.64,39.54,38.25,38.19
Falkland Islands (Malvinas),0,0,0,0,0,0,0,0,0,0,0,0,0,0,0,0,0,0,0,0,0,0,0,0,0,0,0,0,0,0,0,0,0,0,0,0,0,0,0,0,0,0,0,0,0,0,0,0,0,0,0,0,0,0,0,0,0,0,0,0,0
Micronesia,0,0,0,0,0,0,0,0,0,0,0,0,0,0,0,0,0,0,0,0,0,0,0,0,0,0,0,0,0,0,0,0,0,0,0,0,0,0,0,0,0,0,0,0,0,0,0,0,0,0,0,0,0,0,0,0,0,0,0,0,0
Faroe Islands,0,0,0,0,0,0,0,0,0,0,0,0,0,0,0,0,0,0,0,0,0,0,0,0,0,0,0,0,0,0,0,0,0,0,0,0,0,0,0,0,0,0,0,0,0,0,0,0,0,0,0,0,0,0,0,0,0,0,0,0,0
Cook Islands,0,0,0,0,0,0,0,0,0,0,0,0,0,0,0,0,0,0,0,0,0,0,0,0,0,0,0,0,0,0,0,0,0,0,0,0,0,0,0,0,0,0,0,0,0,0,0,0,0,0,0,0,0,0,0,0,0,0,0,0,0
Cote d'Ivoire,0,0,0,0,0,0,0,0,0,0,0,0,0,0,0,0,0,0,0,0,0,0,0,0,0,0,0,0,0,0,0,0,0,0,0,0,0,0,0,0,0,0,0,0,0,0,0,0,0,0,0,0,0,0,0,0,0,0,0,0,0
Switzerland,34.23,35.67,34.51,34.79,35.61,41.72,42.77,42.51,42.22,43.5,43.5,43.09,43.18,42.43,41.63,40.99,40.34,40.62,40.18,39.23,37.84,38.16,37.99,37.54,37.09,36.57,38.01,38.18,37.72,36.89,36.87,37.29,36.9,35.58,34.9,32.95,32.35,31.93,30.96,31.24,30.75,30.63,29.39,28.79,29.22,28.92,29.18,28.97,28.04,27.72,27.56,27.41,27.31,27.05,26.62,26.31,26.2,25.87,25.48,25.14,25.24
Columbia,17.55,17.65,18.21,19.19,20.27,22.27,24.05,23.44,23.33,23.76,23.56,23.67,23.83,25.63,26.32,26.69,26.34,26.46,26.44,25.16,24.86,24.39,23.76,23.19,22.72,22.08,21.48,21.07,20.54,20.14,19.68,18.85,18.53,18.64,18.68,18.32,16.69,16.4,16.49,15.92,15.26,15.34,14.87,15.24,14.39,14.27,14.37,13.95,13.74,13.55,13.05,12.95,12.39,12.14,11.86,11.68,10.96,10.79,10.28,10.56,10.48
China,9.1,5.99,5.76,6.42,9.22,9.66,9.2,9.64,9.06,3.66,3.07,3.09,3.04,3.22,3.42,3.56,3.6,3.61,3.54,3.47,3.61,3.77,3.59,3.46,3.54,3.58,3.5,3.43,3.42,3.52,3.38,3.23,3.45,3.24,3.32,3.21,3.24,3.21,3.14,3.02,3.28,4.64,4.14,4.56,4.63,4.67,5.13,4.75,4.06,3.48,3.22,2.86,3.23,3.18,3.33,2.99,3.28,3.52,3.49,4.31,4.42
Cameroon,23.22,48.76,41.88,38.3,44.06,43.61,48.92,47.28,49.23,49.48,47.63,48.07,49.14,49.72,60.14,63.17,57.83,53.88,56.11,58.98,57.37,59.12,62.11,62.2,70.24,62.46,64.87,64.37,64.38,63.7,64.93,63.83,64.05,65,65.96,66.57,67.55,67.69,68.16,67.86,68.88,68.94,69.13,68.29,68.91,68.98,68.44,67.89,69.44,68.21,69.01,70.73,68.41,68.57,67.49,68.98,67.93,67.24,65.94,68.71,65.8
Chile,24.35,25.68,26.8,28.13,30.52,33.31,34.25,34.7,35.04,34.13,34.49,34.25,33.5,35.56,36.75,36.66,36.26,36.72,35.78,35.77,36.79,35.57,34.41,33.11,32.79,31.82,30.83,30.14,28.87,27.95,26.98,26.39,25.84,24.95,24.1,22.91,21.38,20.82,20.53,19.59,18.78,19.21,18.39,17.77,17.67,17.35,17.35,16.77,15.82,15.8,15.11,15.07,14.75,14.33,14.07,13.76,13.47,13.12,12.46,12.66,12.16
Cocos (Keeling) Islands,0,0,0,0,0,0,0,0,0,0,0,0,0,0,0,0,0,0,0,0,0,0,0,0,0,0,0,0,0,0,0,0,0,0,0,0,0,0,0,0,0,0,0,0,0,0,0,0,0,0,0,0,0,0,0,0,0,0,0,0,0
Canada,30.87,32.83,32.34,32.61,32.64,31.92,33.85,34.38,33.61,33.89,34.03,35.44,34.84,33.6,33.55,33.12,33.56,33.16,31.78,31.16,31.09,32.18,31.67,31.12,31.42,30.64,29.62,29.25,28.51,28.77,28.32,28.01,27.91,27.28,26.97,26.68,26.23,25.49,24.83,24.94,24.18,24.04,22.83,23.13,23.12,23.22,24.03,23.83,22.75,21.83,21.28,21.11,20.98,20.57,18.92,18.15,18.39,18.98,19.12,18.82,18.6
Congo,15.71,37.35,22.95,40.75,36.06,43.68,49.62,34.59,38.38,28.99,35.96,32.77,19.4,35.33,22.14,33.4,32.71,26.58,25.88,32.59,28.72,27.65,24.73,25.93,29.1,29,34.22,32.3,30.92,35.15,37.44,34.3,32.57,32.19,32.8,37.21,38.69,35.88,36.38,38.49,42.01,42.71,36.87,35.04,39.42,40.14,38.65,41.35,39.88,40.49,41.74,38.3,38.74,51.01,40.31,39.62,36.67,37.02,37.79,40.33,38.32
Central African Republic,59.94,28.09,33.33,46.81,33.01,53.35,53.18,28.72,30.88,34.81,28.42,30.21,28.77,25.5,18.12,42.37,39.31,27.39,21.27,18.02,23.31,33.57,28.42,24.35,27.07,17.82,22.73,25.15,22.3,16.94,31.35,32.57,30.43,34.23,26.45,25.2,25.49,36.46,29.73,29.67,32.29,29.12,32.65,29.73,30.45,30.43,33.05,33.91,32.56,38.93,33.22,42.73,31.45,30.53,39.99,34.79,40.63,47.56,41.09,39.55,50.64
Zaire,16.57,15.57,14.17,16.43,22.5,22.81,18.84,30.94,33.87,30.32,30.13,23.93,26.37,27.2,26.37,28.44,29.78,28.79,27.98,26.9,27.02,26.5,24.75,30.3,28.96,28.15,30.98,33.31,34.11,31.83,35.08,33.35,34.21,35.64,36.5,35.96,31.68,36,35.94,36.09,36.15,34.35,35,32.64,35.34,37.01,37.15,38.18,37.97,37.62,36.94,37.65,37.79,36.39,38.56,38.57,37.83,38.11,38.27,38.25,36.69
Czech Republic,42.32,42.28,40.54,39.84,45.55,46.47,47.05,45.91,46.95,48.35,47.3,46.68,45.69,45.97,45.62,45.5,45.24,45.83,44.91,45.52,45.1,45.69,45.4,45.08,42.14,40.88,42.56,42.99,42.88,42.55,41.61,41.27,40.61,40.72,39.96,39.88,39.07,38.82,38.89,38.97,38.29,37.54,35.33,34.42,34.51,34.52,34.5,33.85,32.45,32.19,32.99,32.77,33.23,33.44,32.58,32.57,32.17,31.66,31.15,30.96,30.46
Cyprus,22.45,30.25,26.82,23.91,21.9,26.07,26.76,28.38,26.94,28.18,27.48,26.43,27.77,28.54,26.22,28.39,29.38,29.64,27.46,27.58,27.65,29.03,28.75,29.14,29.32,29.07,28.98,28.66,28.57,28.24,28.4,28.18,28.63,29.2,29.57,28.49,28.33,28.73,28.42,27.55,26.39,25.75,25.1,25.07,25.18,25.19,25.87,24.56,23.2,22.89,22.41,23.03,22.75,24.06,23.92,23.08,22.32,23.13,22.38,20.14,20.68
Christmas Island,0,0,0,0,0,0,0,0,0,0,0,0,0,0,0,0,0,0,0,0,0,0,0,0,0,0,0,0,0,0,0,0,0,0,0,0,0,0,0,0,0,0,0,0,0,0,0,0,0,0,0,0,0,0,0,0,0,0,0,0,0
Costa Rica,0,0,0,0,0,0,0,0,0,0,0,0,0,0,0,0,0,0,0,0,0,0,0,0,0,0,0,0,0,0,0,0,0,0,0,0,0,0,0,0,0,0,0,0,0,0,0,0,0,0,0,0,0,0,0,0,0,0,0,0,0
Curacao,18.05,19.86,17.19,17.21,18.5,18.22,17.17,14.44,14.85,14.99,14.22,13.42,13.16,12.85,12.01,11.01,11.18,0,0,0,0,0,0,0,0,0,0,0,0,0,0,0,0,0,0,0,0,0,0,0,0,0,0,0,0,0,0,0,0,0,0,0,0,0,0,0,0,0,0,0,0
Cape Verde,0,0,0,0,0,0,0,0,0,0,0,0,0,0,0,0,0,0,0,0,0,0,0,0,0,0,0,0,0,0,0,0,0,0,0,0,0,0,0,0,0,0,0,0,0,0,0,0,0,0,0,0,0,0,0,0,0,0,0,0,0
Cuba,41.97,45.03,51.89,41.06,46.34,47.8,51.31,50.4,51.97,51.26,53.18,48.47,53.88,57.3,53.27,53.68,51.01,46.15,42.63,50.6,52.06,47.83,54.61,53.9,54.03,50.25,54.27,56.99,59.66,61.35,59.73,59.23,59.8,61.59,62.68,64.86,67.32,66.68,68.8,69.64,68.19,68.33,69.4,70.87,70,69.81,72.14,72.15,72.12,71.25,72.72,72.41,74.37,73.88,73.3,72.38,73.05,73.17,73.08,71.41,70.4
Swaziland,11.3,16.35,5.64,5.77,8.45,14.07,21.63,17.83,15.28,20.85,20.72,20.65,22.31,22.37,17.35,16.67,21.85,19.22,17.4,18.39,20.2,23.15,22.3,22.43,22.51,22.04,19.71,18.19,19.58,18.77,20.87,18.74,17.53,18.71,17.93,19.78,21.27,20.21,19.72,19.04,18.99,19.95,21.34,23.19,20.99,21.52,24.26,21.51,21,22.18,24.49,24.35,23.07,24.51,25.97,23.35,22.05,19.67,22.96,24.31,19.98
Syrian Arab Republic,0,0,0,0,0,0,0,0,0,0,0,0,0,0,0,0,0,0,0,0,0,0,0,0,0,0,0,0,0,0,0,0,0,0,0,0,0,0,0,0,0,0,0,0,0,0,0,0,0,0,0,0,0,0,0,0,0,0,0,0,0
Sint Maarten (Dutch part),0,0,0,0,0,0,0,0,0,0,0,0,0,0,0,0,0,0,0,0,0,0,0,0,0,0,0,0,0,0,0,0,0,0,0,0,0,0,0,0,0,0,0,0,0,0,0,0,0,0,0,0,0,0,0,0,0,0,0,0,0
South Sudan,0,0,0,0,0,0,0,0,0,0,0,0,0,0,0,0,0,0,0,0,0,0,0,0,0,0,0,0,0,0,0,0,0,0,0,0,0,0,0,0,0,0,0,0,0,0,0,0,0,0,0,0,0,0,0,0,0,0,0,0,0
Suriname,24.85,18.14,16,21.56,25.41,23.79,24.88,28.27,29.93,26.83,32.63,24.1,20.48,18.98,19.43,20.53,21.21,22.59,26.68,27.56,25.9,25.91,25.12,25.7,24.78,24.5,23.05,23.75,25.23,25.74,25.68,24.16,24.91,25.11,24.15,23.63,24.37,24.51,24.57,23.79,23.11,23.86,24.55,24.51,23.4,22.04,22.39,23.39,22.98,22.22,22.75,23.68,23.13,22.43,21.71,21.6,21.77,21.68,20.5,20.33,20.31
El Salvador,0,0,0,0,0,0,0,0,0,0,0,0,0,0,0,0,0,0,0,0,0,0,0,0,0,0,0,0,0,0,0,0,0,0,0,0,0,0,0,0,0,0,0,0,0,0,0,0,0,0,0,0,0,0,0,0,0,0,0,0,0
Sao Tome and Principe,0,0,0,0,0,0,0,0,0,0,0,0,0,0,0,0,0,0,0,0,0,0,0,0,0,0,0,0,0,0,0,0,0,0,0,0,0,0,0,0,0,0,0,0,0,0,0,0,0,0,0,0,0,0,0,0,0,0,0,0,0
Slovakia,50.13,49.85,48.27,46.35,47.35,48.94,49.08,49.39,49.7,50.46,50.17,50.03,50.77,50.72,49.35,49.15,49.29,49.56,47.99,47.97,47.09,47.55,47.65,47.62,47.15,46.52,45.95,45.4,44.74,44.75,44.95,44.73,44.59,44.19,43.56,43.22,42.98,42.71,41.99,41.17,40.69,40.18,38.38,37.34,37.45,37.52,37.38,36.92,34.98,34.3,34.49,34.96,36.16,36.28,35.13,33.17,33.32,33.28,32.71,31.78,31.9
Svalbard and Jan Mayen,0,0,0,0,0,0,0,0,0,0,0,0,0,0,0,0,0,0,0,0,0,0,0,0,0,0,0,0,0,0,0,0,0,0,0,0,0,0,0,0,0,0,0,0,0,0,0,0,0,0,0,0,0,0,0,0,0,0,0,0,0
Slovenia,53.59,54.58,51.54,49.35,49.15,51.24,51.55,53.14,53.84,55.83,54.09,54.02,53.82,55.16,54.34,53.47,54.42,54.37,53.47,52.27,50.34,52.41,51.32,49.99,49.9,49.66,50.42,50.65,51.58,50.67,50.55,50.01,49.58,48.05,47.79,47.78,46.68,47.18,47.98,47.62,46.68,45.89,44.74,43.53,43.73,43.87,42.79,43.23,42.59,41.73,41.55,41.69,41.91,41.27,40.69,39.99,39.15,38.88,37.83,37.55,36.97
Saint Helena,0,0,0,0,0,0,0,0,0,0,0,0,0,0,0,0,0,0,0,0,0,0,0,0,0,0,0,0,0,0,0,0,0,0,0,0,0,0,0,0,0,0,0,0,0,0,0,0,0,0,0,0,0,0,0,0,0,0,0,0,0
Somalia,7.79,1.13,1.33,1.84,2.99,2.86,5.3,2.69,2.71,7.63,2.72,2.71,1.56,1.57,3.09,5.12,4.67,3.51,4.05,3.13,4.77,5.81,5.48,6.02,5.63,5.32,8.77,10.24,9.65,12.27,14.82,18.41,16.84,16.11,20.76,22.38,26.57,29.57,28.96,27.15,26.23,30.27,32.63,34.3,34.79,36.44,34.83,37.15,35.95,37.07,33.72,33.8,35.09,34.58,34.45,35.3,33.95,36.39,35.94,38.09,35.55
Senegal,19.21,35.49,44.18,34.96,33.29,32.69,30.42,35.53,47.05,46.74,59.12,65.78,59.95,58.51,63.01,47.86,58.58,60.35,55.27,53.3,55.99,61.33,63.02,66.08,67.39,64.74,63.11,62.78,59.09,53.92,52.54,53.27,55.83,59.55,59.47,58.3,57.78,54.17,55.36,55.81,54.59,54.87,53.89,52.24,52.38,52.33,52.38,52.45,50.59,51.15,46.09,48.76,46.22,45.37,44.95,44.76,43.17,41.01,38.23,37.04,35.08
San Marino,0,0,0,0,0,0,0,0,0,0,0,0,0,0,0,0,0,0,0,0,0,0,0,0,0,0,0,0,0,0,0,0,0,0,0,0,0,0,0,0,0,0,0,0,0,0,0,0,0,0,0,0,0,0,0,0,0,0,0,0,0
Sierra Leone,0,0,0,0,0,0,0,0,0,0,0,0,0,0,0,0,0,0,0,0,0,0,0,0,0,0,0,0,0,0,0,0,0,0,0,0,0,0,0,0,0,0,0,0,0,0,0,0,0,0,0,0,0,0,0,0,0,0,0,0,0
Seychelles,20.3,16.14,19.27,23.55,23.8,24.18,11.16,19.58,33.82,33.35,34.94,31.92,28.12,27.7,26.86,29.49,34.92,37.43,34.83,32.09,32.85,33.42,32.56,34.9,30.27,31.76,32.09,31.87,32.3,30.19,32.08,32.87,36.16,31.55,30.49,30.94,32.35,29.71,31.39,31.95,28.71,29.52,28.85,31.42,37.85,38.29,40.9,41.58,35.3,31.21,30.55,33.86,31.62,31.03,30.88,29.94,31.5,30.74,29.74,28.94,29.42
Solomon Islands,0,0,0,0,0,0,0,0,0,0,0,0,0,0,0,0,0,0,0,0,0,0,0,0,0,0,0,0,0,0,0,0,0,0,0,0,0,0,0,0,0,0,0,0,0,0,0,0,0,0,0,0,0,0,0,0,0,0,0,0,0
Saudi Arabia,8.3,9.41,10.78,10.34,9.25,9.33,9.08,9.44,8.65,9.52,10.94,12.16,12.13,13.47,14.58,14.77,15.34,15.42,15.2,15.55,14.7,14.18,13.81,14.07,14.18,14.63,14.17,13.41,14.18,14.65,14.46,14.43,14.06,14.32,14.14,14.02,14.44,16.56,15.35,16.87,16.2,15.25,14.88,15.41,17.2,18,19.28,19.12,19.09,18,16.88,16.31,16.29,15.42,15.53,15.99,14.99,14.68,14.52,14.91,14.19
Singapore,33.11,32.52,29.46,33.3,33.35,34.46,35.63,35.27,34.08,33.57,33.28,33.17,33.97,35.71,34.61,32.26,31.43,30.98,30.55,29.94,29.35,30.09,29.69,29.15,28.8,28.84,28.29,27.37,26.86,26.83,26.82,26.59,26.2,25.8,25.21,24.6,24.75,24.47,24.01,23.75,23.27,23.61,23.59,23.03,22.87,23.25,22.96,22.25,21.32,20.4,19.71,19.06,19.02,18.62,18.35,17.97,17.56,17.94,17.41,16.74,17.24
Sweden,31.37,30.87,29.87,29.62,29.24,29.82,30.73,30.46,31,32.6,34.66,34.67,35.15,35.51,34.71,34.64,35.01,34.89,34.25,33,33.32,33.89,34.25,34.18,33.48,32.14,31.32,30.47,29.7,29.88,29.37,28.75,28.69,28.61,27.85,27.64,27.46,27.36,26.91,26.3,25.61,25.38,24.5,24.09,24.07,24.24,24.25,24.2,23.55,22.58,22.66,22.13,21.95,21.32,20.63,20.43,20.24,20.05,19.89,19.22,19.38
Sudan,8.85,13.44,16.24,13.56,14.79,16.41,17.61,17.87,17.59,19.11,17.32,16.82,18.01,19.36,21.14,20.22,21.2,21.14,23.32,24.2,23.24,22.64,23.14,24.76,25.26,24.62,26.92,26.99,28.2,28.6,28.82,29.14,30.83,31.23,31.98,34,34.27,35.21,35.65,35.8,36.15,37.63,38.19,39.64,44.4,45.64,47.16,47.13,47.22,46.36,44.46,44.26,44.65,45.04,46.19,46.11,45.55,46.59,45.95,45.61,44.39
Yemen,8.68,9.15,9.83,8.02,9.62,10.33,9.87,10.64,10.43,12.2,14.06,12.14,11.82,13.14,12.99,13.62,18.19,20.56,18.96,20.44,18.17,18.29,19.36,20.28,21.7,23.25,24.51,24.28,25.03,25.93,26.73,26.83,27.57,28.01,30.95,32.67,33.8,35.56,34.47,35.61,35.58,36.4,37.56,37.32,38.74,40.75,43.35,44.18,45.05,44.11,41.47,41.95,42.04,41.75,41.59,41.38,41.06,41.58,41.86,41.74,43.22
Mayotte,0.56,37,39.04,60.82,74.54,28.15,72.32,54.19,57.56,31.03,58.37,35.5,44.76,23.81,29.43,35.91,19.6,34.35,41.42,35.71,30.23,25.24,44.95,32.88,34.2,33.46,28.92,35.25,27.98,28.78,30.43,28.37,29.75,36.2,42.28,40.45,28.47,27.52,38.88,25.89,40.85,44.33,45.48,43.49,37.88,34.63,34.36,39.79,37.89,34.62,32.65,31.44,32.64,32.51,32.66,33.63,32.79,32.99,30.27,26.81,25.74
Lebanon,13.15,15.51,14.06,13.39,13.47,14.99,15.06,15.36,14.97,17.15,18.35,17.83,16.79,18.96,19.5,19.91,20.03,19.64,19.28,20.29,19.25,18.5,18.31,18.64,17.95,16.94,18.41,17.09,17.77,17.22,17.71,18.45,18.22,19.29,19.92,20.83,21.56,22.6,22.53,23.06,22.17,22.47,22.45,22.64,23.76,22.85,13.04,13.16,21.52,20.99,21.07,21.06,20.26,20.51,20.67,20.12,20.09,20.2,20.01,19.98,19.11
Saint Lucia,0,0,0,0,0,0,0,0,0,0,0,0,0,0,0,0,0,0,0,0,0,0,0,0,0,0,0,0,0,0,0,0,0,0,0,0,0,0,0,0,0,0,0,0,0,0,0,0,0,0,0,0,0,0,0,0,0,0,0,0,0
Lao People's Democratic Republic,0,0,0,0,0,0,0,0,0,0,0,0,0,0,0,0,0,0,0,0,0,0,0,0,0,0,0,0,0,0,0,0,0,0,0,0,0,0,0,0,0,0,0,0,0,0,0,0,0,0,0,0,0,0,0,0,0,0,0,0,0
Sri Lanka,36.18,38.04,35.49,36.64,41.06,41.17,39.59,43.47,43.21,44.64,42.48,41.79,43.73,43.63,43.84,44.4,42.68,39.6,38.35,39.35,40.92,40.48,41.04,40.25,40.36,39.33,40.09,39.29,38.19,37.88,37.78,37.57,37.83,37.77,37.64,38.05,38.22,37.6,37.6,36.68,36.79,36.83,36.84,37.55,37.72,38.07,39.53,39.25,39.01,39.06,38.84,38.81,38.31,38.3,37.9,38.91,38.5,37.77,36.83,36.69,35.11
Liechtenstein,39.78,40.83,27.21,29.34,34.27,39.98,38.98,45.18,44.29,46.33,43.49,44.02,43.99,43.54,43.28,41.84,41.07,40.95,41.47,38.53,37.86,37.06,35.98,34.89,35.22,35.81,35.54,38.34,39.04,38.91,37.59,36.96,34.68,34.52,36.04,32.55,31.03,29.89,27.76,29.87,26.94,29.45,28.35,25.91,22.86,24.64,25.21,25.84,22.36,25.31,27.12,24.76,24.04,24.87,24.98,25.88,23.18,24.75,22.71,23.88,21.9
Latvia,42.11,45.84,41.02,41.09,42.43,43.27,45.23,46.38,46.96,47.94,47.43,47.75,49.18,49.81,49.5,50.34,50.03,49.65,49.78,50.56,50.26,52.14,51.05,48.49,47.92,47.84,47.56,45.7,45.93,45.05,45.57,44.76,44.45,43.85,42.5,42.42,41.83,41.26,41.28,41.5,41.18,40.94,36.72,38.73,39.46,39.23,39.13,38.37,37.63,37.86,37.55,37.66,37.24,37.19,36.1,35.78,34.96,35.29,34.29,33.27,32.44
Lithuania,35.17,38.71,35.68,34.41,35.32,36.22,37.06,38.04,39.17,40.88,40.42,39.23,40.6,42.13,41.38,41.41,42.46,41.93,42.12,42.59,42.23,43.87,43.28,43.41,43.32,42.71,41.21,41.61,41.48,42.02,41.98,41.55,41.25,41.3,41.04,40.67,40.81,40.74,39.89,39.33,38.68,38.49,37,40.47,38.06,39.5,40.07,39.57,37.91,37.24,37.13,37.75,38.04,38.64,38.3,37.6,36.91,36.32,35.33,35.06,33.86
Luxembourg,30.16,37.1,36.81,35.54,32.28,37.62,37.76,40.06,41.21,43.01,42.17,41.64,41.6,42.51,40.62,39,39.79,41.26,40.42,41.28,40.15,38.47,39.85,39.25,40.09,40.11,41.37,41.1,41.47,40.31,40.27,40,39.7,38.66,37.36,36.67,35.43,35.8,34.31,32.69,28.6,24.82,31.51,32.31,32.8,34.04,37.07,34.68,33.17,32.63,32.39,31.99,31.26,31.08,30.07,29.46,29,28.41,28.63,28.88,26.53
Liberia,12.09,17.47,9.89,20.37,17.13,9.77,12.02,15.24,15.39,9.76,12.75,19.93,19.71,19.32,15.34,27.27,30.3,19.38,15.78,18.02,18.51,19.93,19.66,20.23,22.76,24.46,23.95,26.01,25.63,24.28,26.74,21.49,21.7,24.08,22.36,22.71,26.92,28.85,28.74,24.6,29.35,23.89,30.21,29.45,30.99,31.95,29.78,30.62,32.95,31.95,29.26,29.75,28.75,23.97,27.99,28.56,27.06,25.15,28.56,30.16,25.68
Lesotho,20.96,14.52,9.17,13.03,15.69,15.69,19.03,23.77,24.2,24.77,28.08,23.41,24.64,22.11,17.33,21.2,22.98,23.23,23.62,19.55,15.6,20.32,20.26,20.85,20.83,23.57,21.24,19.23,22.79,22.67,22.39,20.88,22.02,22.01,21.28,22.54,22,20.27,20.24,18.07,19.33,20.97,20.71,19.24,19.88,21.33,24.16,23.12,22.88,22.88,22.34,21,25.48,23.09,22.8,23.87,24.75,22.8,22.8,19.97,20.01
Libya,10.52,12.73,14.2,11.07,12.09,13.06,14.32,14.21,15.42,18.49,18.09,19.13,20.31,21.12,22.13,22.14,22.09,22.13,21.97,23.16,21.81,20.69,19.8,20.06,19.61,20.51,22.07,21.95,21.61,21.6,21.13,21.6,21.07,19.44,20.76,21.2,22.19,23.08,23.98,24.12,25.37,26.17,26.5,26.35,26.52,26.16,28.04,28.05,27.44,26.24,25.06,25.22,25.62,25.93,24.94,25.22,25.14,26.42,25.75,25.72,24.42
Vatican City State (Holy See),0,0,0,0,0,0,0,0,0,0,0,0,0,0,0,0,0,0,0,0,0,0,0,0,0,0,0,0,0,0,0,0,0,0,0,0,0,0,0,0,0,0,0,0,0,0,0,0,0,0,0,0,0,0,0,0,0,0,0,0,0
Saint Vincent and the Grenadines,0,0,0,0,0,0,0,0,0,0,0,0,0,0,0,0,0,0,0,0,0,0,0,0,0,0,0,0,0,0,0,0,0,0,0,0,0,0,0,0,0,0,0,0,0,0,0,0,0,0,0,0,0,0,0,0,0,0,0,0,0
Venezuela,20.24,19.26,19.39,20.67,21.67,23.51,25.27,25.46,25.59,25.41,25.38,25.31,25.48,28.18,29.41,29.47,29.39,30.14,28.13,28.69,27.25,27.19,28.2,27.87,27.87,27.53,27.6,28.25,28.72,28.65,28.59,29.79,29.59,29.45,29.1,28.41,28.54,27.98,27.73,27.78,28.65,29.55,26.93,26.94,27.04,26.68,27.08,27.04,26.39,26.19,25.38,25.8,25.8,25.85,26.46,27.5,26.93,26.92,26.76,25.75,25.35
Virgin Islands (British),0,0,0,0,0,0,0,0,0,0,0,0,0,0,0,0,0,0,0,0,0,0,0,0,0,0,0,0,0,0,0,0,0,0,0,0,0,0,0,0,0,0,0,0,0,0,0,0,0,0,0,0,0,0,0,0,0,0,0,0,0
Iraq,15.36,9.92,9.91,11.13,9.42,8.44,9,8.44,8.97,10.48,10.18,10.1,10.07,10.96,11.14,11.7,11.91,11.58,11.25,13.94,14.48,14.53,14.62,15.15,15.43,14.44,16.18,11.71,17.54,18.07,18.44,17.29,18.51,20.79,21.1,22.22,23.13,24.49,24.44,24.86,25.46,25.21,24.8,25.32,26.54,27.02,27.49,26.11,25.99,25.72,25.59,25.41,24.74,25.02,24.7,24.99,24.73,24.08,23.91,23.63,23.3
Virgin Islands (U.S),,0,0,0,0,0,0,0,0,0,0,0,0,0,0,0,0,0,0,0,0,0,0,0,0,0,0,0,0,0,0,0,0,0,0,0,0,0,0,0,0,0,0,0,0,0,0,0,0,0,0,0,0,0,0,0,0,0,0,0,0
Iceland,39.52,41.43,39.14,40.47,40.36,43.82,43.56,52.25,50.54,53.4,36.15,34.22,41.45,43.94,45.32,44.48,44.63,44.29,43.66,41.16,39.54,41.63,41.09,39.73,38.96,37.9,37.06,36.03,34.33,36.33,34.95,33.84,33.52,33.2,31.76,31.2,31.12,30.48,29.41,29.39,28.22,27.64,26.99,26.47,26.61,26.12,25.94,23.9,24.32,24.15,23.77,23.16,23,22.75,21.92,21.62,21.46,21.37,21.36,20.32,19.62
Iran,18.79,18.08,16.94,14.99,15.67,16.5,17.3,18.74,19.83,20.11,20.66,20.95,22.16,21.97,22.33,22.31,25.65,27.08,27.84,29.09,28.21,26.14,26.07,27.18,26.69,26.56,27.18,26.79,26.92,26.83,26.06,26.39,26.79,27.02,27.41,28.5,30.38,31.35,31.97,32.51,32.18,34.2,34.91,35.05,38.73,39.21,40.69,40.7,40.61,41.32,39.82,39.79,41.46,41.95,41.62,43.36,42.53,42.63,42.02,42.82,43.9
Italy,29.18,30.37,29.69,31.41,31.2,31.49,32.21,31.34,31.43,30.6,30.43,29.8,29.98,30.74,30.49,29.94,30.32,30.19,29.89,30.49,30.55,29.37,29.66,29.37,29.06,29,29.58,28.89,28.52,28,28.36,27.79,27.31,27.43,27.4,26.79,26.78,26.92,27.05,26.62,25.98,25.23,24.45,23.8,23.83,23.95,24.55,22.93,23.38,22.93,22.58,22.64,22.53,22.04,21.64,21.24,19.64,20.26,20.61,19.78,19.82
Viet Nam,0,0,1.06,0.8,0.7,0.84,0.9,0.78,0.81,1.63,0.9,1.91,1.92,2.35,2.88,3,2.68,2.86,3.15,4,4.61,5.22,6.53,6.37,6.75,8.24,9.08,9.71,10.34,11.93,13.37,14.25,15.22,16.63,17.94,19.12,21.24,23.81,26.03,28.96,31.52,33.75,35.76,38.24,41.2,43.38,46.3,45.69,46.85,46.89,47.22,49.56,51.03,51.84,51.33,51.06,52.31,50.84,60.19,57.34,53.28
Isle of Man,0,0,0,0,0,0,0,0,0,0,0,0,0,0,0,0,0,0,0,0,0,0,0,0,0,0,0,0,0,0,0,0,0,0,0,0,0,0,0,0,0,0,0,0,0,0,0,0,0,0,0,0,0,0,0,0,0,0,0,0,0
Israel,6.02,6.67,7.84,7.52,8.03,8.11,8.8,9.63,9.97,10.32,10.7,10.38,9.77,9.67,10.79,11.4,10.57,12.21,12.33,12.61,13.06,13.76,13.79,13.7,13.3,12.67,13.76,13.36,13.73,13.45,12.91,13.24,13.1,12.8,12.98,12.32,11.75,11.38,12.18,12.63,12.65,12.28,12.08,11.89,11.7,11.83,12.37,11.96,14.03,16.47,11.66,11.94,12.34,11.04,10.57,10.69,10.5,10.39,10.3,10.05,9.65
British Indian Ocean Territory,0,0,0,0,0,0,0,0,0,0,0,0,0,0,0,0,0,0,0,0,0,0,0,0,0,0,0,0,0,0,0,0,0,0,0,0,0,0,0,0,0,0,0,0,0,0,0,0,0,0,0,0,0,0,0,0,0,0,0,0,0
India,26.07,26.97,26.95,26.99,28.21,28.47,29.34,30.23,30.65,31.09,29.98,29.77,30.22,31.99,32.61,32.98,32.28,31.78,31.6,32,31.71,31.76,32.1,31.8,32.3,32.7,33.01,33.12,32.82,32.67,32.6,32.98,33,32.98,32.53,32.61,32.9,32.97,33.82,34.11,34.29,34.07,33.97,34.29,34.75,34.54,34.58,33.28,33.93,33.03,32.27,31.97,31.69,31.77,31.2,31.29,30.42,30.07,28.95,28.51,28.54
Ireland,31.72,33.7,30.4,28.15,30.08,29.98,29.29,30.01,30.35,31.15,31.09,30.35,30.54,30.96,31.29,30.98,30.92,31.55,29.4,28.88,28.48,28.7,28.5,28.24,27.22,27.29,26.41,26.03,25.73,25.92,24.92,24.82,24.93,24.96,24.39,23.84,24.23,23.98,23.03,22.48,21.97,22.22,21.25,20.95,20.97,20.15,21.23,20.65,19.93,19.88,19.85,19.22,19.26,18.88,17.8,17.67,17.47,17.76,17.12,16.91,16.7
Indonesia,55.56,54.62,53.73,57.16,58.36,61.23,64.32,65.94,67.38,69.36,69.82,69.44,72.51,74.29,75.73,76.81,77.22,77.05,77.01,78.38,77.47,78,78.82,79.06,78.77,78.99,78.65,78.83,79.1,78.53,78.36,77.96,77.86,78.25,77.42,76.67,76.27,75.63,74.67,72.51,69.81,68.98,68.12,67.59,66.75,66.36,67.14,66.24,65.63,65.2,64.94,63.62,62.72,61.75,61.72,61.34,60.09,59.84,59.29,58.11,56.85
Bangladesh,25.19,23.48,20.95,22.5,27.39,31.94,35.55,37.49,37.33,38.52,37.17,38.84,41.29,42.81,43.07,42.29,41.9,43.26,44.26,47.89,48.06,48.82,49.26,50.9,50.26,51.27,51.11,51.51,52.29,53.3,53.92,55.17,55.65,57.32,57.71,58.68,59.63,59.88,60.31,61.35,61.86,62.49,61.16,61.37,64.54,62.75,61.69,58.81,60.61,60.39,60.45,60.14,60.99,61.17,61.42,61.76,61.06,60.62,59.89,60,59.51
Belgium,22.03,24.79,23.44,24.13,25.61,26.49,27.88,27.5,28.01,28.14,28.45,29.08,27.55,28.74,28.41,27.7,27.86,26.98,27.19,26.99,27.3,27.56,27.98,28.59,28.82,29.24,27.23,26.23,26.12,26.16,26.5,25.61,25.91,25.97,25.33,25.27,24.54,24.38,24.14,24.28,24.14,23.52,23.14,22.25,22.58,22.53,23.17,22.3,21.86,21.17,20.99,20.76,20.82,20.34,19.91,19.65,19.56,19.46,19.02,18.64,18.37
Burkina Faso,14.43,17.9,19.66,24.82,27.37,23.86,28.19,31.68,29.69,32.92,27.47,20.27,22.64,25.66,28.92,23.47,25.94,27.7,27.89,26.47,27.22,28.93,31.5,32.73,30.95,30.72,31.68,32.02,29.28,28.89,30.53,33.34,35.42,36.32,37,39.2,38.62,37.12,36.75,36.84,36.94,38.16,38.38,41.38,41.2,40.96,41.91,47.49,44.08,44.3,43.78,42.26,42.8,44.07,43.13,43.57,44.2,44.75,46.03,46.41,45.57
Bulgaria,38.99,42.47,40.64,36.99,39.47,41.28,43.22,42.25,42.9,43.94,43.58,42.24,41.18,42.75,44.17,44.8,46.01,46.14,46.15,46.28,45.83,46.95,47.24,45.8,45.12,45.27,45.59,45.56,45.27,44.97,44.36,44.09,43.95,43.79,43.04,42.85,43.08,42.49,42.82,42.3,42.16,42.11,40.49,39.97,39.91,40.41,41.27,40.39,39.61,39.55,40.04,39.67,39.94,39.59,38.52,38.65,38.22,37.54,36.73,36.2,35.63
Bosnia And Herzegovina,47.47,48.48,48.79,51.88,51.72,53,53,52.3,50.86,50.65,50.32,50.93,52.84,54.34,53.9,53.09,54.42,54.09,55.58,54.95,54.25,55.88,54.71,54.28,53.49,52.93,52.16,51.57,50.9,48.9,47.93,47.41,46.53,45.85,45.97,44.56,44.07,43.71,42.66,42.46,42.56,41.91,40.08,39.45,41.04,40.92,41.6,41.05,39.65,40.64,40.26,39.58,39.55,39.47,38.93,38.48,37.48,36.97,36.04,35.69,34.99
Barbados,30.52,37.42,33.52,35.49,37.46,38.71,39.98,39.82,39.35,40.83,42.44,41.69,42.8,40.83,39.37,39.49,40.32,41.7,40.5,37.42,37.38,37.5,38.52,37.7,35.72,35.98,35.4,33.84,32.94,32.2,32.39,31.34,31.41,29.97,29.77,29.29,29.95,30.01,28.32,28.48,28.58,27.78,28.51,27.25,28.05,27.84,28.56,26.49,25.76,25.88,26.53,26.51,25.64,24.46,23.76,22.46,21.33,20.2,20.06,20.16,18.36
Saint Barthelemy,0,0,0,0,0,0,0,0,0,0,0,0,0,0,0,0,0,0,0,0,0,0,0,0,0,0,0,0,0,0,0,0,0,0,0,0,0,0,0,0,0,0,0,0,0,0,0,0,0,0,0,0,0,0,0,0,0,0,0,0,0
Bermuda,16.39,19.46,16.19,17.67,20.1,22.49,24.1,21.64,19.76,20.71,21.84,20.29,21.23,22.08,19.95,19.86,20.36,18.75,17.64,12.49,12.65,13.09,13.26,13.47,13.22,13.08,13.11,12.68,13.19,12.74,12.66,12.52,12.49,11.9,11.34,12.76,13.66,14.01,13.67,12.79,11.73,11.32,10.94,10.67,10.56,10.55,10.94,10.71,10.31,10.68,9.97,9.61,9.09,9.26,8.66,8.53,8.48,8.47,8.59,8.34,8.38
Brunei Darussalam,0,0,0,0,0,0,0,0,0,0,0,0,0,0,0,0,0,0,0,0,0,0,0,0,0,0,0,0,0,0,0,0,0,0,0,0,0,0,0,0,0,0,0,0,0,0,0,0,0,0,0,0,0,0,0,0,0,0,0,0,0
Bolivia,16.1,18.12,19.07,19.21,18.89,20.38,20.91,20.62,19.7,19.94,20.95,21.33,22.05,23.29,23.77,24.22,24.45,24.64,23.43,24.07,23.88,24.59,24.9,25.17,25.19,24.69,24.86,25.2,25.71,26.46,26.32,26.41,26.65,27.22,28.05,27.93,28.4,29.41,29.74,30.43,31.04,31.52,31.82,31.99,32.43,32.89,33.77,33.77,33.72,33.61,33.2,33.36,32.7,33.09,32.55,32.65,32.79,32.69,32.48,32.38,32.2
Bahrain,9.91,14.12,13.89,10.3,8.8,9.13,9.66,9.98,10.04,10.22,10.67,10.13,10.06,11.08,10.61,10.81,11.44,11.69,10.59,10.39,9.49,9.66,10.06,10.1,10.42,10.34,10.92,10.3,10.65,10.93,11,10.88,11.05,11.3,11.77,11.83,12.25,13.57,13.8,13.22,12.99,14.42,14.46,14.38,14.31,14.49,15,15.18,14.91,14.43,13.86,14.53,14.88,14.6,13.81,13.37,13.36,13.47,12.83,12.84,12.91
Burundi,24.43,34.61,27.12,28.95,32.41,31.57,27.27,24.46,30.55,28.35,32.31,34.01,29.47,37.47,33.96,45.45,40.12,40.6,43.81,44.03,39.54,39.3,41.04,39,41.57,42.12,39.8,36.67,36.04,38.32,36.89,37.94,37.01,38.89,44.45,41.7,41.28,41.24,42.31,42.39,41.32,43.94,42.13,36.99,44.08,44,39.55,36.52,36.88,35.89,42.14,42.06,41.15,43.6,43.98,40.77,45.2,46.96,47.92,48.82,44.55
Benin,14.57,5.98,3.61,8.14,11.67,12.81,12.96,13.77,16.77,15.87,17.74,20.44,20.01,22.97,21.37,22.57,22.14,23.05,24.3,23.58,23.12,26.72,28.72,30.49,28.45,31.53,29.43,34.7,35.62,32.34,34.57,38.04,43.37,42.71,40.47,42.63,46.66,46.58,39.6,43.36,45.24,43.13,43.89,43.01,41.7,36.55,42.15,46.3,48.22,45.09,45.77,45.02,44.82,43.07,41.34,41.29,42.46,41.01,41.18,36.19,30.44
Bhutan,22.5,14.33,17.77,30.89,23.21,24.74,22.18,22.63,20.66,27.38,27.16,22.89,23.55,23.26,27.52,29.48,26.63,27.68,26.37,25.24,26.72,27.51,28.87,26.64,28.32,29.48,31.4,31.18,32.7,33.2,33.21,33.17,34.93,35.17,36.03,34.92,32.84,34.28,33.18,32.53,30.07,31.76,31.65,31.5,38.67,35.96,35.15,37.88,32.56,32.13,31.89,32.19,30.95,30.73,31.69,31.43,30.36,29.72,27.84,27.3,26.76
Botswana,19.71,19.72,12.61,10.65,11.83,18.32,21.93,22.9,23.58,24.06,24.6,24.03,30.36,28.42,26.66,26.27,24.03,26.7,22.68,24.12,23.61,24.86,23.98,24.87,26.25,25.02,23.78,26.53,27.15,25.83,24.07,23.11,23.84,24.11,26.23,25.63,25.61,26.42,27.02,28.14,29.28,26.96,29.39,30.55,37.12,36.38,35.11,33.93,29.53,28.55,27.5,27.89,28.16,26.98,25.95,27.38,28.1,28.99,28.95,26.98,27.37
Brazil,24.35,24.17,31.58,25.83,27.39,28.63,29.41,29.81,29.4,29.52,29.55,29.34,31.25,32.35,32.5,33.33,33.63,33.71,33.76,34.7,33.35,32.95,32.74,32.97,32.34,31.89,31.49,31.18,30.67,29.7,28.79,27.82,27.29,26.93,26.08,25.38,24.98,24.26,23.04,22.91,23.83,23.38,22.79,21.05,21.7,21.27,22.47,22.22,20.93,20.63,19.79,19.39,18.88,18.29,17.35,18.17,17.11,15.32,14.69,14.68,14.37
Bahamas,0,0,0,0,0,0,0,0,0,0,0,0,0,0,0,0,0,0,0,0,0,0,0,0,0,0,0,0,0,0,0,0,0,0,0,0,0,0,0,0,0,0,0,0,0,0,0,0,0,0,0,0,0,0,0,0,0,0,0,0,0
Belarus,34.51,34.54,19.02,19.53,18.94,19.39,19.08,19.16,18.67,18.72,19.04,18.81,20.47,21.61,20.96,23.41,23.75,24.72,24.75,25.83,25.25,26.18,25.72,25.02,25.43,24.36,24.79,24.58,24.81,24.68,25,24.69,24.86,24.98,24.18,24.69,24.17,23.87,23.04,22.75,23.09,23.33,22.04,22.03,20.83,22.04,22.35,21.33,20.61,20.84,20.99,20.57,21.2,21.27,20.91,20.53,20.78,21.19,21.27,21.7,19.43
Belize,30.17,35.23,35.76,30.91,41.65,39.94,24.9,23.19,41.21,41.1,44.47,43.19,48.2,49.52,47.15,49.01,48.85,49.41,44.15,46.51,45.96,43.64,42.86,44.71,41.5,42.64,45.5,43.97,43.94,49.48,43.96,44.48,44.83,40.79,42.4,41.39,35.92,38.78,38.75,37.53,36.71,35.94,35.81,38.15,37.05,38.25,37.67,36.38,33.18,35.82,34.5,34.45,36.89,32.28,31.03,31.86,29.36,28.71,28.59,28.18,29.38
Russian Federation,27.74,22.16,21.31,22.82,22.88,23.53,24.42,25.11,25.52,25.71,25.47,25.63,26.68,27.9,28.24,30.93,30.8,31.02,31.35,32.48,32.06,34.35,33.41,33.38,33.4,33.71,33.03,32.53,33.15,33.22,33.29,33.09,32.68,32.3,31.79,31.77,30.91,30.79,29.85,28.81,28.67,28.54,25.9,25.69,24.75,24.66,24.51,23.56,23.12,23.1,23,22.81,23.32,23.72,22.72,23.09,22.56,22.76,22.06,21.45,21.37
Rwanda,24.25,35.08,35.78,34.34,38.62,44.87,49.04,47.55,44.21,39.09,42.98,42.03,44.26,48.55,46.26,47.95,44.74,47.45,47.14,45.16,38.88,41.84,43.39,40.04,40.25,43.39,44.56,44.27,48.56,48.45,48.02,47.31,46.15,48.47,51.41,52.23,52.59,51.73,49.85,50.15,49.86,51.22,51.27,51.23,47.41,48.16,47.22,49.62,50.11,48.87,49.03,46.73,47.82,51.78,50.71,49.13,49.09,49.68,50.77,49.92,49.44
Serbia,46.12,43.59,38.25,44.36,45.76,48.72,46.66,46.78,47.11,48.31,47.84,47.73,48.51,49.42,49.78,49.55,48.76,48.29,46.98,47.88,47.45,49.9,48.55,49.13,48.14,47.75,47.66,46.34,45.69,44.84,44.44,43.83,43.34,43.35,43.12,42.84,42.58,42.29,42.04,41.27,40.81,40.2,39.15,38.45,38.08,38.45,39,38.56,38.26,38.06,37.65,37.28,37.48,37.62,37.47,37.14,36.39,36.19,35.69,35.45,34.95
Reunion,37.55,46.45,42.59,45.47,47.41,47.72,46.73,46.23,47.73,47.81,45.76,45.91,47.77,48.96,50.28,46.13,46.75,48.32,47.09,47.72,47.33,46.87,47.21,48.12,46.88,46.37,47.08,46.26,48.02,48.69,48.11,47.66,47.77,46.55,45.81,46.51,46.15,45.95,43.49,42.87,43.47,43.15,43.13,42.72,42.39,42.88,42.98,42.52,40.6,39.57,39.57,40.75,39.44,39.76,38.68,37.84,37.98,36.94,35.86,36.18,35.71
Romania,42.58,45.88,43.14,42.41,41.5,41.68,41.23,43.1,44.09,44.13,43.69,44.07,43.91,44.06,44.07,43.26,43.29,43.25,42.85,43.09,43.34,44.53,44.34,44.05,45.08,44.91,44.69,43.9,43.12,42.81,42.6,42.07,41.67,40.98,40.39,40.39,39.79,39.56,39.58,39.17,38.37,38,36.98,36.82,36.46,36.25,36.62,36.33,35.64,35.58,34.86,35.24,35.47,35.68,35.44,34.31,33.61,33.49,32.86,32.5,32.16
Oman,10.48,13.7,10.94,9.7,8.99,9.18,9.41,10.21,11.45,12.44,11.86,11.53,12.11,13.4,13.86,13.57,13.66,14.58,15.13,14.68,13.98,13.43,14.03,15.16,14.49,15.4,15.99,14.84,15.38,15.83,15.46,15.41,15.03,15.89,15.63,15.88,15.83,16.63,15.9,15.68,16.48,16.23,16.65,17.08,19.2,18.54,19.66,20.39,19.86,19.1,17.46,17.61,16.51,16.97,17.25,16.37,15.8,15.67,15.25,15.12,15.2
Croatia,54.21,54.93,51.8,51.37,50.82,52.78,51.84,53.91,53.57,54.05,53.02,52.16,53.45,54.1,53.55,53.26,53.9,53.91,53.79,52.07,51.21,51.82,51.17,50.96,49.19,48.95,49.45,49.14,48.51,47.66,48.09,47.73,47.6,47.95,46.98,46.8,46.21,46.43,45.76,45.46,45.05,45.06,43.32,42.82,42.79,42.92,43.39,42.63,41.38,41.59,41.31,41.31,41.36,41.51,40.25,39.61,39.38,38.83,37.9,37.24,36.13
Haiti,7.12,10.85,11.97,13.23,13.5,19.23,14.61,16.08,15.61,19.39,17,16.73,17.11,17.19,18.54,22.04,20.34,19.84,20.28,22.26,20.25,18.71,19.56,19.88,20.48,20.84,19.81,20.59,23.47,23.84,22.95,24.12,23.81,22.59,23.01,23.64,24.39,24,24.98,23.54,22.36,22.23,22.28,22.97,23.96,24.79,24.24,22.14,21.81,22.59,21.89,22.74,23.2,24.4,22.46,21.8,21.79,21.76,21.35,21.98,20.46
Hungary,39.59,41.37,41.34,44.25,46.63,47.2,49.11,49.45,51.72,52.97,54.55,54.23,54.91,54.83,55.07,55.6,55.71,55.92,55.58,56.49,56.41,56.77,57.11,56.66,56.08,55.7,54.83,54.03,53.63,53.38,52.93,52.36,51.92,50.8,50.16,49.45,49.48,48.98,48.74,47.09,46.7,46.4,44.82,43.97,42.84,43.44,43.65,43.57,43.22,42.91,44.24,44.19,47.19,49.54,48.11,46.89,45.26,43.14,41.52,40.47,40.57
Hong Kong,17.84,14.31,18.13,14.28,15.88,16.19,17.76,17.41,17.81,18.2,18.04,17.7,18.71,20.64,20.16,19.08,19.09,19.59,20.15,21.47,19.6,19.69,19.42,19.09,19.19,19.21,18.55,18.76,18.91,18.48,19.06,20.13,19.44,18.85,18.86,18.72,19.44,18.94,18.54,17.74,16.34,16.5,17.47,17.37,17.65,17.65,18.09,17.59,16.71,16.2,16.27,15.95,15.83,15.41,15.52,15.08,15.13,15.21,15.48,14.85,14.42
Honduras,16.41,16.39,18.53,21.5,22.91,25.36,26.76,25.41,23.95,24.4,25.11,25.31,25.93,27.28,28.35,28.11,29.5,29.59,27.52,27.43,27.85,27.89,27.17,27.33,26.98,26.91,26.49,26.55,26.28,26.05,25.27,25.04,24.69,25.12,25.3,25.16,24.89,24.84,24.92,24.21,23.48,23.95,23.5,23.59,23.81,24.15,24.77,24.7,24.1,23.94,22.64,22.7,22.32,22.06,21.18,21.46,20.67,20.49,20.47,20.96,20.29
Heard Island and McDonald Islands,0,0,0,0,0,0,0,0,0,0,0,0,0,0,0,0,0,0,0,0,0,0,0,0,0,0,0,0,0,0,0,0,0,0,0,0,0,0,0,0,0,0,0,0,0,0,0,0,0,0,0,0,0,0,0,0,0,0,0,0,0
Western Sahara,0,0,50,0,16.67,0,23.08,64.71,42.86,100,100,100,100,100,0,0,0,0,0,0,0,0,0,0,0,0,0,0,0,0,0,0,0,0,0,0,0,0,0,0,0,0,0,0,0,0,0,0,0,0,0,0,0,0,0,0,0,0,0,0,0
Estonia,43,42.55,40.9,41.98,41.88,43.59,43.54,42.98,44.2,45.04,46.22,46.2,46.93,47.55,47.98,49.27,49.53,49.72,49.09,48.56,47.07,49.67,49.39,47.74,46.81,46.52,45.02,44.84,42.91,43.92,44.96,44.52,44.57,44.32,43.91,43.2,43.21,42.4,41.89,42.53,41.94,39.97,37.92,37.6,37.15,37.43,37.01,36.21,35.23,34.25,34.73,34.13,33.99,33.79,33.88,33.01,33.14,31.71,31.64,31.64,30.32
Egypt,13.78,14.17,14.49,15.19,15.09,16.29,16.15,16.47,17.22,18.64,20.75,18.45,19.38,21.23,22.76,23.64,23.67,24.12,25.12,26.52,26.47,26.03,25.74,26.24,27.04,27.96,29.12,28.72,29.46,30.42,30.89,32.39,34.5,35.49,35.98,36.33,37.39,38.49,38.72,38.89,39.53,39.68,39.48,41.05,44.35,45.36,46.57,47.03,46.88,44.35,40.97,40.11,40.04,40.49,40.26,40.87,40.61,40.69,39.55,40.13,39.62
Ecuador,21.68,22.75,22.1,21.37,22.57,23.68,25.11,25.34,23,23.53,27.74,28.14,29.02,30.54,31.9,32.72,33.45,33.96,32.28,30.64,31.31,31.47,31.51,31.52,31.49,31.59,31.87,32.09,32.78,33.08,32.7,32.69,32.8,33.53,34.36,35.2,35.37,35.34,34.94,34.36,33.92,34.96,33.73,33.33,34.13,34.91,36.08,35.82,34.99,34.91,34.14,34.39,33.67,35.57,37.04,34.28,31.79,31.73,31.86,31.55,30.59
Ethiopia,18.51,18.62,16.62,19.97,20.49,27.12,26.84,25.52,25.4,28.91,28.47,29.74,28.13,28.97,25.27,26.79,27.93,29.16,30.33,27.77,23.7,24.02,25.97,29.65,28.84,28.4,31.26,33.41,33.56,33.21,37.94,37.84,38.82,39.82,43.22,45.69,45.93,46.73,46.33,48.51,50.17,53.98,51.35,53.06,55.76,55.4,56.71,57.22,55.23,54.32,50.87,52.81,53.72,53.16,53.14,52.89,51.74,51.53,42.19,34.54,43.51
Spain,33.54,31.23,28.95,27.2,27.84,28.14,28.32,30.18,30.96,31.18,32.03,32.39,31.9,32.71,32.57,32.2,32.82,32.97,32.7,30.84,30.69,31.76,31.33,31,30.33,29.93,29.89,29.56,29.35,29.43,29.23,28.56,28.46,26.16,28.73,28.38,27.74,27.43,27.58,27.06,26.07,25.67,25.12,24.99,25.15,24.89,25.52,25.03,23.98,23.28,23.41,23.91,23.68,22.45,22.27,22.16,21.95,21.91,22.08,21.88,21.49
Eritrea,20.21,18.3,14.19,17.13,19.05,19.18,16.21,24.69,21.79,25.83,24.52,26.82,30.3,35.29,27.14,27.46,34.4,27.57,29.16,27.31,31.65,29.82,33.31,35.08,32.75,27.23,37.01,31.4,39.33,45.23,42.77,44.34,47.26,46.15,45.3,47.22,44.65,45.18,41.1,45.58,44.38,44.97,50.88,53.64,58.26,59.55,71.99,67.32,61.14,68.5,69.73,64.44,67.63,69.4,66.51,71.42,66.86,71.63,70.84,69.42,70.29
Uruguay,26.44,28.63,27.49,28.03,28.35,30.58,31.6,32.36,32.13,33.05,35.34,36.26,36.95,40.88,39.89,39.54,40.43,39.41,37.16,36.19,37.22,36.37,36.72,35.73,35.54,35.65,34.9,35.35,33.86,32.96,31.18,30.49,30.77,31.1,31.09,30.5,29.22,28.92,29.11,29.77,30.11,28.55,27.06,26.53,26.74,26.15,26.68,26.51,25.46,26.34,24,24.72,24.69,23.85,22.7,22.87,22.68,23.12,23.18,23.07,22.97
Uzbekistan,19.73,12.12,16.58,18.61,19.27,19.17,18.73,18.84,18.5,18.4,19.01,19.35,20.6,21.83,21.53,25.18,24.86,25.54,25.35,25.04,25.35,25.03,25.31,25.34,27.41,28.44,30.05,27.33,26.68,28,28.05,28.28,27.85,26.77,27.01,25.99,26.97,27.09,22.63,25.95,24.64,26.21,24.75,25.17,26.62,26.01,25.35,22.84,22.72,23.99,24.67,23.89,24.23,24.95,23.48,23.21,23.43,21.87,21.17,21.45,21.43
United States,26.22,26.59,26.63,25.64,21.66,17.89,19.39,21.69,25.28,28.03,26.77,31.5,31.17,31.21,31.58,31.25,31.46,30.86,30.33,29.91,28.9,29.65,29.31,28.2,27.28,27.65,27.53,26.78,26.75,26.93,26.38,26.51,25.99,25.48,25.08,24.66,24.78,24.26,23.81,22.47,20.09,20.15,20.18,21.85,21.47,20.99,22.41,20.62,19.83,18.55,17.92,18.02,18.48,17.53,16.58,16.3,16.26,15.55,15.6,16.86,17.14
United States Minor Outlying Islands,0,0,0,0,0,0,0,0,0,0,0,0,0,0,0,0,0,0,0,0,0,0,0,0,0,0,0,0,0,0,0,0,0,0,0,0,0,0,0,0,0,0,0,0,0,0,0,0,0,0,0,0,0,0,0,0,0,0,0,0,0
Uganda,38.97,31.98,21.83,23.32,27.79,32.74,33.64,35.24,36.87,35.43,36.47,40.27,45.53,46.32,46.28,46.61,48.63,46.7,43.09,45.32,46.64,46.16,47.29,47.89,47.31,46.45,47.56,47.69,47.75,47.56,49.08,49.75,50.28,50.35,50.44,51.41,52.49,52.72,54.56,55.48,55.5,55.23,56.05,56.47,50.11,50.15,55.46,54.34,56.47,57.35,57.07,56.2,56.28,55.52,55.63,57.01,56.37,56.1,55.71,56.2,56.99
Ukraine,26.5,26.31,21.73,23.54,23.58,24.03,24.78,25.21,25.59,25.94,25.81,25.99,27.19,28.12,28.64,32.59,31.75,31.87,31.59,31.86,30.78,33.56,33.93,33.28,33.77,34.3,32.83,32.49,32.88,32.48,33.44,33.14,33.33,33.14,32.84,32.91,31.72,31.4,30.65,30.17,30.43,30.4,28.99,28.3,28.16,28.33,28.16,27.3,27.25,27.15,27.26,26.64,27.54,27.65,27.38,27.22,26.94,26.35,25.65,24.98,25.95
Vanuatu,33.19,34.42,33.11,30.59,36.29,29.34,40.4,30.21,41,36.77,37.58,44.99,44.95,39.23,38.76,32.41,39,32.41,33.54,34.88,32.4,38.56,32.44,32.77,36.19,34.69,31.29,33.76,35.46,38.32,34.76,34.51,36.69,34.41,32.65,32.3,32.05,31.62,32.15,35.26,36.19,31.59,30.32,27.64,33.12,31.29,32.16,28.99,28.46,29.19,27.71,34.25,31.31,27.08,30.2,33.82,34.47,29.53,29.13,27.11,28.86
Nicaragua,30.19,37.85,31.73,33.26,36.28,37.69,38.98,40.95,40.55,40.85,40.85,41.54,42.36,44.32,44.68,44.91,45.75,45.68,45.37,46.51,45.34,44.47,42.91,44.19,44.91,45.39,45.38,45.68,46.15,44.48,43.53,43.42,43.18,43.23,43.93,43.36,42.45,41.99,40.58,38.98,37.91,38.29,36.1,35.07,35.8,34.45,34.85,34.61,33.16,33.6,31.36,31.06,31.08,30.38,29.54,29.96,28,29.21,28.59,28.06,27.28
Netherlands,18.43,20.15,26.24,20.85,21.26,21.11,20.73,20.72,21.06,22.19,21.5,21.98,21.86,22.89,22.22,22.15,22.07,21.6,20.9,20.32,20.45,20.75,20.8,20.9,20.73,20.34,19.8,19.7,19.43,19.77,19.54,19.69,20.15,19.89,19.26,19.32,19.43,19.5,18.92,18.88,18.28,18.06,17.26,16.83,17.18,17.09,17.38,16.78,17.42,16.32,16.39,16.48,16.43,16.56,16.21,15.79,15.43,15.18,15.16,15.02,15.51
Norway,24.34,21.72,22.61,26.05,25.09,26.15,25.82,25.69,25.61,26.57,26.59,27.49,29.33,29.81,29.84,30.67,29.98,29.93,31.34,30.2,29.73,29.91,30.21,29.7,29.29,28.1,27.21,26.92,26.22,25.86,25.78,25.28,25.22,25.15,24.43,23.67,23.81,23.62,22.9,22.5,21.94,21.18,20.56,20.27,20.16,20.95,20.76,20.15,20.05,19.4,18.92,18.35,18.55,18.16,17.29,17.31,17.24,16.95,16.31,16.07,15.26
Namibia,17.49,20.04,11.66,15.27,17.93,18.18,24.93,24.85,26.11,24.93,24.09,22.77,24.07,30.41,28.35,28.72,30.46,28.35,25.55,24.22,21.47,23.32,25.85,22.02,22.12,21.81,22.05,22.18,22.16,22.2,22.04,22.42,22.58,21.74,22.37,22.41,21.63,21.97,22.42,21.21,20.6,19.45,22.08,22.27,24.2,25.25,24.59,25.45,23.61,22.88,23,23.21,25.3,23.08,21.79,21.56,21.12,20.8,21.32,22.83,21.21
New Caledonia,0,0,0,0,0,0,0,0,0,0,0,0,0,0,0,0,0,0,0,0,0,0,0,0,0,0,0,0,0,0,0,0,0,0,0,0,0,0,0,0,0,0,0,0,0,0,0,0,0,0,0,0,0,0,0,0,0,0,0,0,0
Niger,25.11,15.72,11.83,7.17,9.45,12.11,13.11,16.1,19.97,25.5,27.37,29.09,27.44,22.05,38.25,32.06,26.44,37.04,31.59,33.18,30.06,32.37,31.87,34.78,36.95,33.93,35.23,32.82,37.78,37.04,35.9,36.6,35.82,33.04,33.44,32.12,36.34,39.26,36.57,38.34,36.61,37,42.44,40.4,38.23,34.04,40.26,38.79,40.75,39.44,38.61,35.78,36.5,35.29,36.72,38.35,39.12,38.28,36.82,39.46,38.69
Norfolk Island,0,0,0,0,0,0,0,0,0,0,0,0,0,0,0,0,0,0,0,0,0,0,0,0,0,0,0,0,0,0,0,0,0,0,0,0,0,0,0,0,0,0,0,0,0,0,0,0,0,0,0,0,0,0,0,0,0,0,0,0,0
Nigeria,17.65,22.16,16.39,18.13,23.2,26.24,27.21,27.73,29.41,28.61,30.8,31.28,32.34,34.11,34.91,37.31,36.61,35.95,33.59,35.61,34.23,36.09,39.31,42.03,41.83,42.88,45.35,45.18,45.12,43.51,42.67,44.14,43.94,42.95,43.64,43.86,44.5,44.77,44.29,44.13,43.26,42.55,41.34,42.71,43.79,43.74,45.31,46.32,46.14,45.91,45.24,44.86,44.67,44.02,44.69,44.04,43.46,42.5,42.54,41.92,41.27
New Zealand,28.44,30.96,29.81,31.45,32.11,31.97,33.3,33.14,32.24,32.47,31.73,32.26,32.07,32.89,32.47,32.76,32.83,33.33,32.59,31.58,30.9,30.65,30.37,30.09,29.43,28.24,27.63,27.31,26.15,26.95,26.94,26.76,26.47,25.86,25.13,25.1,24.68,24.26,24.32,24,23.58,23.72,22.95,22.86,22.71,22.64,22.54,21.62,20.76,20.48,20.02,20.1,20.07,19.87,18.95,18.29,18.07,17.66,17.24,16.89,16.75
Nepal,22.76,21.43,23.82,25.72,32.03,28.5,27.25,25.68,25.65,24.68,24.68,23.96,28.19,32.71,31.46,31.46,31.35,30.45,29.68,30.66,29.99,29.86,32.42,31.55,32.27,32.84,34.32,35.08,35.46,36.31,36.45,37.17,37.64,38.22,38.15,39.09,38.45,38.58,37.86,36.92,37.91,38.18,37.05,37.15,38.78,38.6,38.56,38.14,37.44,37.44,37.08,36.1,37.05,36.44,35.68,35.63,34.89,34.29,33.48,33.02,32.92
Nauru,78.26,35.42,16.1,53.85,30.5,37.79,21.24,10.36,4.95,15.79,20.66,25.24,24.39,34.35,0.87,75.41,51.24,57.3,80.49,98.28,100,28.41,15.38,44.79,16.13,32.43,34.92,69.44,69.47,90.59,61.5,41.67,42.91,49.62,55.67,92.72,62.91,83.44,87.5,75.44,72.46,69.23,30.81,12.5,30,5,10.61,7.04,12.13,9.11,15.87,10.81,12.83,0,0,0,0,0,0,0,0
Niue,63.04,79.14,51.52,51.06,63.42,42.99,42.31,43.14,56.62,25.68,38.11,56.64,55.86,30.31,35.6,7.9,13.07,29.89,43.9,38.74,48.17,40.89,66.41,62.29,55.99,58.22,53.18,49.77,32.99,36.82,30.01,38.55,42.1,44.8,47.97,42.2,45.74,38.87,35.66,32.73,32.9,34,43.11,38.1,42.58,46.93,64.63,57.96,48.24,26.13,28.89,24.24,30,13.79,25.53,0,4,17.36,30.95,43.75,31.44
Kyrgyzstan,20.52,19.99,17.39,18.51,19.23,19.15,20.41,19.97,19.14,18.53,18.49,18.33,20.08,21.63,21.35,23.99,20.82,18.94,17.52,20.18,19.99,22.17,20.82,22.13,24.16,27.34,23.16,22.25,23.63,24.68,23.08,24.2,23.08,24.57,25.08,21.1,22.09,22.8,22.81,24.35,23.3,26.04,22.69,20.79,18.98,17.82,17.83,17.02,17.48,17.82,16.59,18.37,17.29,16.31,15.21,15.2,13.54,15.74,13.75,14.12,13.33
Kenya,28.88,31.22,28.79,29.59,30.37,36.77,38.33,37.86,40.43,39.6,40.41,40.76,43.17,43.66,44.03,45.62,45.84,44.26,43.65,44.49,43.52,44.47,46.71,48.32,48.48,47.92,49.33,48.94,49.94,47.29,49.73,50.29,50.7,50.73,50.65,51.88,52.2,52.01,51.99,51.77,52.16,51.5,52.43,52.94,53.73,53.06,54.99,54.67,55.81,55.12,54.3,53.72,53.36,50.98,52.18,53.17,52.2,51.84,52.62,52.6,52.53
Kiribati,65.63,56.12,60.49,42.3,32.31,29.62,40.44,42.56,54.13,47.1,47.9,47.69,50.1,60.85,56.8,67.23,65.66,54.03,40.75,49.71,53.58,59.64,56.34,32.25,13.22,33.76,51.28,60.02,62.97,52.55,55.75,58.93,59.13,54.29,53.37,54.64,52.97,50.04,55.55,60.29,50.05,52.14,50.75,49.47,57.52,46.99,46.84,55.92,55.09,48.69,45.37,43.65,42.04,47.08,43.32,47.1,43.25,51.02,58.11,63.26,54.09
Cambodia,25.62,27.57,25.86,29.35,30.47,32.44,32.4,32.82,34.22,31.63,30.26,32.66,33.99,35.18,34.25,34.65,34.47,35.08,35.42,31.13,35.82,36.08,37.58,37.9,39.65,39.4,41.07,41.08,42.23,42.93,43.71,45.01,45.01,45.45,45.89,47.81,48.07,49.41,49.87,49.43,50.73,50.32,48.92,48.04,51.51,52.14,54.06,53,50.92,50.35,50.31,49.6,53.55,49.35,47.22,47.06,46.59,45.79,44.74,44.64,43.66
Saint Kitts and Nevis,0,0,0,0,0,0,0,0,0,0,0,0,0,0,0,0,0,0,0,0,0,0,0,0,0,0,0,0,0,0,0,0,0,0,0,0,0,0,0,0,0,0,0,0,0,0,0,0,0,0,0,0,0,0,0,0,0,0,0,0,0
Comoros,8.56,11.92,8.56,3.85,9.67,21.62,12.61,12.63,18.84,12.56,25.23,21.71,18.56,34.11,26.12,42.97,33.77,21.28,27.72,28.95,27.11,40.24,23.25,19.26,31.96,27.77,26.65,31.51,36.08,33.68,25.57,30.3,23.71,21.52,24.01,29.09,28.49,30.27,32.21,34.4,34.05,28.56,29.9,26.59,30.23,37.29,30.5,34.31,33.93,33.95,36.69,35.13,35.91,38.23,37.5,43.52,34.95,33.98,37.35,32.23,34.78
"Korea, Democratic People's Republic of",11.97,10.15,10.92,9.61,10.47,10.54,9.33,9.38,10.69,9.95,9.07,9.01,8.55,8.21,7.95,7.15,5.54,3.75,1.66,3.04,3.42,3.46,3.18,3.07,2.92,2.96,2.78,2.49,2.61,2.48,2.55,2.48,2.65,2.38,2.23,2.2,2.12,2.25,2.97,3.84,4.97,4.8,4.48,3.71,4.31,4.35,4.43,4.11,4.36,5.06,6.25,3.81,3.18,2.82,2.57,2.62,2.92,3.21,2.76,3.91,2.9
"Korea, Republic of",0,0,0,12.93,22.21,42.53,57.11,60.35,74.64,37.82,50.54,52.64,34.32,42.68,41.63,24.14,39.3,34.68,42.82,37.12,39.8,22.62,16.5,28.26,21.31,21.19,24.15,47.54,29.76,17.84,31.58,37.18,41.61,43.45,33.79,31.43,22.74,25.34,0,0,0,0,0,0,0,0,0,0,0,0,0,0,0,0,0,0,0,0,0,0,0
Kuwait,9.08,11.49,12.48,10.52,9.16,9.3,9.6,10.71,10.39,10.42,10.8,10.13,9.28,9.89,10.74,11,11.21,11.27,11.34,11.2,12.07,12.15,11.82,12.01,11.81,12.5,12.52,12.38,12.37,12.74,12.74,12.27,12.77,12.57,12.76,12.93,13.65,15.07,14.4,15.86,15.64,14.9,14.59,15.36,16.71,16.99,17.41,16.49,15.91,15.08,14.67,15.02,14.68,14.58,14.6,14.1,14.17,13.93,13.64,13.15,13.21
Kazakhstan,17.28,17.5,17.16,19.84,20.99,21.66,21.91,22.64,22.79,23.09,23.24,23.5,24.26,25.63,25.89,27.7,27.52,29.66,29.42,29.82,29.69,31.78,31.6,27.78,31.47,32.35,31.34,31.11,30.35,29.94,31.1,32.1,31.51,31.13,31.88,31.17,30.51,29.88,29.01,29.38,29.08,29.67,27.16,26.8,25.57,25.89,26.07,24.74,24.65,23.6,22.89,22.73,22.59,19.19,21.28,21.18,20.36,20.14,19.61,19.11,18.85
Cayman Islands,0,0,0,0,0,0,0,0,0,0,0,0,0,0,0,0,0,0,0,0,0,0,0,0,0,0,0,0,0,0,0,0,0,0,0,0,0,0,0,0,0,0,0,0,0,0,0,0,0,0,0,0,0,0,0,0,0,0,0,0,0
Dominican Republic,0,0,0,0,0,0,0,0,0,0,0,0,0,0,0,0,0,0,0,0,0,0,0,0,0,0,0,0,0,0,0,0,0,0,0,0,0,0,0,0,0,0,0,0,0,0,0,0,0,0,0,0,0,0,0,0,0,0,0,0,0
Dominica,35.85,40.82,35.68,35.48,40.85,35.98,39.02,35.19,37.02,35.49,33.6,32.35,33.69,37.13,34.42,34.04,33.85,32.19,36.12,37.33,37.74,37.18,36.54,36.29,34.44,31.92,33.05,30.86,29.83,28.41,27.23,27.71,26.44,27.36,27.84,25.41,24.3,25.98,25.04,24.55,23.64,22.19,22.4,22.32,22.64,23.51,21.93,22.45,21.73,20.28,21.13,21.36,20.34,26.39,24.15,20.93,18.21,19.17,21.9,17.18,13.83
Djibouti,6.88,11.18,19.97,9.95,18.11,16.33,18.01,13.49,15.44,15.97,14.24,15.48,15.16,13.37,16.69,13.8,12.19,10.35,10.96,11.8,10.82,12.1,14.98,15.77,16.01,16.09,16.95,19.99,21.6,21.28,21.66,24.42,26.12,26.03,25.44,27.07,25.6,31.67,29.83,30.37,30.23,30.61,32.81,32.1,32.58,31.54,34.68,37.1,35.1,31.64,31.02,32.71,33.28,33.43,33.44,31.94,31.96,32.57,31.09,30.93,31.66
Denmark,17.85,19.58,20.24,21.34,20.55,21.14,21.82,23.34,22.76,24.43,23.26,24.13,24.68,24.56,24.49,24.73,24.73,24.7,23.93,23.63,22.7,23.84,24.05,23.49,23.29,22.14,21.46,20.28,20.3,20.6,20.44,20.19,19.92,20.35,19.44,19.38,19.37,19.22,18.64,18.52,17.95,18.25,17.59,17.26,17.35,17.03,16.84,16.36,15.94,15.48,15.79,15.66,15.46,15.26,14.34,14.16,14.13,14.14,14.03,13.95,13.95
Germany,48.81,50.01,50.88,51.57,51.99,56.81,58.31,57.99,58.59,59.45,60.04,60.37,61.15,60.65,59.48,59.2,59.21,60.52,60.87,61.29,60.31,59.92,59.8,58.84,58.99,59.18,61.46,62.06,62.25,61.11,60.92,60.12,58.65,58.84,58.09,55.8,54.59,53.55,51.02,52.96,52.26,52.28,50.98,49.91,50.01,50.16,50.06,48.6,48.24,47.22,47.58,47.94,48.57,47.77,45.51,46.57,45.23,46.44,46.73,45.49,44.88
Algeria,13.45,17.3,17.77,18.91,18.66,19.56,20.2,20.73,21.49,22.23,22.82,23.39,25.24,26.13,26.56,27.61,28.46,29.63,30.42,31.49,31.35,31.44,32.22,33.55,34.74,34.63,36.11,35.94,35.45,38.44,38.44,39.03,39.94,40.62,41.48,41.76,42.48,42.25,42.42,41.53,41.27,41.52,40.27,40.51,41.97,43.65,46.35,45.28,45.75,44.19,43.71,45.94,49.9,52.35,49.65,50.64,50.53,50.93,44.47,42,40.94
"Tanzania, United Republic of",18.09,18.45,10.31,12.23,13.98,17.3,19.57,20.86,22.28,22.74,21.8,22.94,20.9,20.61,21.56,20.45,21.18,21.49,23.39,23.19,23.2,23.89,24.95,25.25,26.83,27.4,28.63,28.86,29.19,30.86,31.12,31.11,29.77,30.89,32.44,32.54,33.49,33.98,34.74,34.11,35.16,36.8,37.45,38.03,39.67,41.79,43.26,44.24,42.87,43.32,43.63,42.96,43.5,44.2,44.22,43.14,43.24,44.52,45.18,46.31,47.18
Tuvalu,52.38,80.7,22.13,58.89,35.76,47.17,25.14,45.39,74.19,85.71,73.58,42.76,52.96,57.14,43.62,13.22,14.29,60.19,59.54,55.57,58.51,45.98,64.22,50.92,49.88,51.36,68.36,51.22,65.07,70.23,60.59,42.62,57.96,67.18,59.95,71.29,57.54,64.1,62.77,63.13,79.42,65.44,72.44,45.03,44.59,75.23,34.53,44.98,38.07,31.83,57.27,44.09,40.67,51.35,56.17,44.6,56.19,30.75,28.78,26.41,43.96
"Taiwan, Province of China",15.63,3.94,3.74,4.49,5.44,5.65,6.43,6.53,6.71,6.47,6.08,6.12,6.14,7.42,7.76,7.65,8.46,8.37,9.25,12.27,9.33,9.61,9.68,10.03,9.29,11.3,11.83,11.86,12.07,11.32,11.49,12.47,11.97,11.55,12.22,13,14.22,13.35,11.8,11.42,10.95,11.18,10.92,10.66,11.79,11.24,11.14,11.1,11.12,11.22,10.84,10.67,10.42,10.41,10.74,10.37,10.64,10.8,10.74,10.68,10.51
Trinidad & Tobago,0,0,0,0,0,0,0,0,0,0,0,0,0,0,0,0,0,0,0,0,0,0,0,0,0,0,0,0,0,0,0,0,0,0,0,0,0,0,0,0,0,0,0,0,0,0,0,0,0,0,0,0,0,0,0,0,0,0,0,0,0
Turkey,11.26,10.79,11.58,11.47,12.8,12.83,12.75,13.17,13.76,14.51,14.33,14.23,11.8,14.71,13.75,14.04,15.24,15.09,15.88,14.84,14.85,16.78,17.03,17.81,18.66,19.1,19.08,17.82,18.06,17.04,17.72,17.71,17.13,17.63,18.1,17.6,17.29,16.71,15.86,15.39,14.31,13.49,13.08,12.69,12.54,12.42,12.32,12,11.83,11.19,11.22,10.91,10.59,10.3,10.14,9.91,9.79,9.44,8.96,8.52,8.76
Tunisia,28.03,34.51,31.36,35.49,37.43,39.59,40.93,42.65,44.92,46.1,49.24,50.74,53.52,53.45,53.22,54.3,53.24,51.6,49.47,48.6,46.83,47.91,47.85,46.61,45.47,44.26,41.62,40.5,39.31,37.93,35.14,34.09,32.88,33.15,32.61,30.86,29.13,27.17,27.37,27.28,26.62,26.29,25.69,25.8,25.97,27.35,27.49,26.15,24.62,23.69,24.13,23.75,23.39,23.27,22.45,22.42,21.38,20.86,19.94,19.03,17.97
Tonga,29.97,26.79,51.84,54.2,38.21,33.79,34.76,9.84,11.04,46.07,46.95,47.87,41.7,53.25,39.62,28.1,40.1,45.48,43.79,44.84,46.93,50.62,48.07,47.84,51.82,48.15,48.84,46.18,49.53,54.2,45.15,44.32,49.56,51.84,53.02,55.5,59.73,52.23,58.77,54.22,48.73,46.96,46.29,44.65,53.34,51,56.59,57.52,53.23,50.96,52.08,51.61,47.51,45.99,43.56,45.1,48.25,48.89,54.06,50.57,50.47
Timor-Leste,20.78,40.21,48.35,45.31,43.64,46.4,45.75,48.51,48.62,48.28,50.82,47.91,50.62,51.07,49.78,53.2,49.91,49.21,49.59,48.66,48.97,45,50.53,47.12,52.05,45.65,49.38,52.66,50.82,51.48,49.27,44.23,51.38,51.18,55.05,52.74,55.33,57.55,57.7,57.7,55.39,55.18,0,0,0,0,0,0,0,0,0,0,0,0,0,0,0,0,0,0,0
Turkmenistan,5.38,11.88,13.73,14.44,14.8,19.77,16.46,15.38,15.75,15.3,18.23,18.09,22.61,23.56,23.83,20.03,23.42,20.65,18.15,13.49,10.66,15.11,17.44,17.53,18.62,22.19,20.27,19.93,17.53,20.4,18.7,17.83,18.44,17.76,20.48,20.12,20.13,20.99,21.89,21.41,20.15,18.7,20.14,18.96,17.41,17.72,18.09,17.59,15.94,16.04,16.82,16.04,15.62,15.19,15.88,12.54,14.6,16.42,19.5,19.17,16.09
Tajikistan,28.55,41.86,30.39,24.19,16.76,20.79,22.83,22.89,20.1,18.77,18.44,17.66,18.74,17.68,16.7,20.7,20.22,18.69,19.24,22.03,21.79,20.71,24.7,22.52,22.7,19.42,22.22,23.33,24.31,22.33,20.5,22.07,22.57,22.07,24.22,21.31,20.2,19.29,20.54,19.89,19.6,18.08,15.33,17.08,19.67,19.15,19.12,15.4,16.39,16.88,16.07,15.49,16.87,15.11,14.27,14.65,14.24,13.73,13.36,13.2,12.04
Tokelau,28.57,47.62,88.1,89.8,80.95,60.38,44.44,37.88,4.29,0,24.24,0,0,0.95,1.33,0.57,41.09,0,6.33,3.23,2.84,9.84,0.96,3.45,0,100,100,0,10.53,80,30.43,57.89,22.92,10.37,18.93,55.21,75.98,25.52,29.21,56.15,0,0,0,0,0,0,0,0,0,0,0,0,0,0,0,0,0,0,0,0,0
Thailand,11.11,10.53,10.52,12.01,11.42,10.97,12.52,12.53,12.59,13.33,13.39,12.94,13.4,13.7,14.41,14.89,14.88,15.07,15.92,15.99,16.34,16.65,16.4,15.5,15.36,15.67,15.87,16,15.36,15.25,15.3,15.07,15.36,15.73,15.56,14.97,14.84,14.58,15.02,15.31,15.23,15.36,15.24,14.95,15.85,16.72,17.01,16.8,16.4,16.63,16.69,16.49,16.21,15.93,15.56,14.44,14.52,14.88,14.66,14.73,14.62
French Southern Territories,0,0,0,0,0,0,0,0,0,0,0,0,0,0,0,0,0,0,0,0,0,0,0,0,0,0,0,0,0,0,0,0,0,0,0,0,0,0,0,0,0,0,0,0,0,0,0,0,0,0,0,0,0,0,0,0,0,0,0,0,0
Togo,14.6,13.05,14.45,15.79,18.6,25.02,54.52,57.77,37.86,36.94,51.9,48.07,45.63,47.83,37.79,32.67,31.87,31.21,23.93,18.9,39.16,41.12,42.01,40.03,42.88,48.17,42.59,48.35,41.02,38.58,42.58,45.81,45.46,48.09,48.22,52.36,56.71,56.99,55.15,53.72,54.09,60.66,62.06,68,63.19,58.6,62.44,72.81,73.92,66.28,59.37,61.89,62.75,60.75,62.85,70.66,74.05,72.61,65.98,66.54,68.93
Chad,5.99,3.06,8.89,6.75,60.4,24.59,14.68,16.23,19.59,14.14,11.72,11.58,16.4,19.97,17.09,49.62,43.99,43.77,37.94,25.71,38.61,23.29,33.84,33.46,38.95,43.71,50.69,41.51,38.91,47.4,40.31,31.44,35.76,29.1,38.68,33.67,33.84,39.52,39.45,41.83,33.03,30.25,33.45,26.84,30.04,20.26,24.68,30.19,32.07,35.42,31.57,33.26,23.71,23.5,29.08,35.35,34.69,32.57,29.05,30.67,38.34
Turks and Caicos Islands,0,0,0,0,0,0,0,0,0,0,0,0,0,0,0,0,0,0,0,0,0,0,0,0,0,0,0,0,0,0,0,0,0,0,0,0,0,0,0,0,0,0,0,0,0,0,0,0,0,0,0,0,0,0,0,0,0,0,0,0,0
United Arab Emirates,10.25,11.08,16.2,11.3,10.65,11.12,10.97,11.11,11.55,11.75,11.78,11.66,11.65,12.76,13.22,14.3,13.76,13.45,13.26,13.77,13.63,13.52,13.71,14.07,14.01,14.3,14.72,14.29,15.12,14.12,13.94,14.01,13.68,14.06,14.11,14.24,14.81,15.84,15.3,15.43,15.61,15.08,14.97,15.18,15.8,15.7,15.99,15.84,15.12,14.9,14.38,14.24,13.8,13.52,13.24,13.23,12.92,12.68,12.33,12.17,11.98
Andorra,31.02,24.38,20.53,24.26,26.29,21.94,26.28,25.66,26.86,26.05,23.25,27.95,24.28,21.31,22.11,22.77,23.23,23.93,23.34,22.57,22.2,23.05,23.96,24.67,24.1,23.61,21.08,22.27,23.01,22.89,21.68,22.49,20.99,21.39,21.6,21.5,21.91,22.78,22.37,21.54,20.83,20.85,20.94,20.51,21.9,24.36,21.6,19.33,19.04,18.23,16.94,18.25,19.14,18.22,17.72,17.25,16.28,16.8,16.6,16.21,16.02
Antigua and Barbuda,0,0,0,0,0,0,0,0,0,0,0,0,0,0,0,0,0,0,0,0,0,0,0,0,0,0,0,0,0,0,0,0,0,0,0,0,0,0,0,0,0,0,0,0,0,0,0,0,0,0,0,0,0,0,0,0,0,0,0,0,0
Afghanistan,12.87,15.95,16.24,20.69,20.52,18.11,21.01,18.97,16.18,17.11,17.67,16.73,19.27,21.11,20.85,21.27,24.57,20.42,18.83,17.5,18.85,17.67,19.07,18.74,19.82,21.76,21.38,23.69,26.72,23.96,24.22,24.83,26.1,27.21,28.04,28.52,29.61,28.95,28.96,28.89,29.64,29.79,30.26,30.96,32.48,30.65,31.37,31.49,31.54,30.59,31.34,33.96,34.25,34.67,34.89,35.66,34.75,35.5,34.24,33.03,34.13
Anguilla,13.17,16.34,14.37,21.21,20.5,19.64,24.35,23.56,23.7,21.27,19.37,20.07,36.65,27.61,21.25,19.47,20.81,21.05,22.37,19.46,17.03,17.2,17.22,17.32,19.98,18.81,18.65,18.01,15.02,15.16,15.28,15.51,15.92,14.84,15.06,16,17.11,16.7,16.74,16.17,20.23,16.07,14.04,15.83,14.48,16.42,15.61,14.66,14.99,14.5,12.82,15.01,15.15,14.95,14.64,14.79,15.74,13.14,12.96,11.13,10.83
Armenia,23.68,24.22,22.52,25.95,25.98,26.2,29.6,28.25,28.99,30.11,30.63,33.17,35.1,35.91,35.6,36.73,36.39,36.66,40.34,40.96,41.91,42.81,44.32,41.49,42.9,43.34,42.97,42.08,41.21,40.16,39.33,37.77,36.09,34.56,33.34,31.49,30.77,26.63,26.05,24.77,24.06,23.19,22.14,21.66,20.52,20.31,20.23,19.48,18.77,18.84,18.94,19.24,18.71,17.76,16.65,15.73,15.68,15.64,13.74,13.6,12.88
Albania,33.45,36.83,38.44,36.19,37.82,40.29,41.28,41.71,45.21,47.57,50.03,50.66,54.28,56.17,57.28,57.8,57.89,57.73,54.3,52.51,49.85,47.28,44.43,42.31,35.09,34.05,34.28,33.77,33.01,31.4,29.92,29.03,28.81,29.09,28.79,26.71,25.84,25.51,26.32,25.47,25.52,25.21,24.42,24.65,23.69,26.15,27.34,27.01,26.27,25.97,26.48,26.7,26.12,25.84,25.68,26.42,25.49,25.82,25.82,25.7,24.67
Angola,11.35,10.5,9.32,11.04,13.43,14.64,16.79,16.18,19.72,18.34,20.1,18.98,20.71,17.73,18.17,17.81,17.33,19.03,18.37,18.09,17.01,16.62,17.62,17.55,17.79,16.56,17.62,17.25,18.11,18.64,17.5,17.93,17.74,17.44,17.43,18.16,18.35,17.51,17.25,16.96,16.54,17.38,16.57,16.92,16.74,17.33,17.87,19.27,19.03,18.16,17.66,18.02,18.46,18.81,17.54,17.36,17.93,17.89,16.51,17.67,16.9
American Samoa,0,0,0,0,0,0,0,0,0,0,0,0,0,0,0,0,0,0,0,0,0,0,0,0,0,0,0,0,0,0,0,0,0,0,0,0,0,0,0,0,0,0,0,0,0,0,0,0,0,0,0,0,0,0,0,0,0,0,0,0,0
Argentina,22.66,22.76,22.47,24.48,24.34,26.4,27.79,28.48,28.6,28.35,27.82,28,28.37,30.87,31.26,31.9,32.04,31.9,31.48,30.18,29.6,29.15,28.84,28.4,28.09,27.83,27.5,27.41,27.16,26.88,26.05,25.55,25.48,25.3,24.47,23.94,23.26,22.69,22.36,21.73,21.11,21.63,21.15,20.67,20.4,20.07,20.29,19.69,18.89,19.18,18.57,18.32,17.82,17.33,16.88,16.44,16.02,15.86,15.71,15.98,15.54
Australia,28.1,30.58,29.84,29.45,29.41,29.01,31.81,31.63,31.66,32.08,31.23,31.59,31.96,32.38,32.31,32.6,32.32,32.42,32.34,31.46,31.12,30.73,30.37,30.17,29.72,29,28.74,28.11,27.68,27.96,27.81,27.11,26.77,26.49,25.54,24.68,23.67,24.23,24.4,23.95,23.35,23.47,23.18,22.74,22.46,22.4,22.55,19.79,18.94,18.97,18.78,18.49,17.79,18.16,17.94,17.4,17.1,17.3,17.28,16.93,16.73
Austria,38.78,38.6,39.58,41.28,41.27,44.72,46.29,45.81,46.82,48.03,48.82,49.09,48.78,48.65,48.38,47.71,47.52,48.29,48.3,46.48,46.38,46.22,46.46,46.14,45.63,45.78,48.4,49.54,49.84,48.16,48.55,47.69,46.3,46.57,46.05,43.94,43,42.39,41.87,42.59,41.13,41.25,40.79,39.12,38.76,39.22,40.08,38.97,38.31,38.35,38.41,38.01,37.61,37.49,36.78,36.99,37.25,36.95,36.31,35.75,35.91
Aruba,22.41,23.51,24.2,24.26,29.79,30.3,32.15,29.09,27.98,29.58,27.43,24.45,28.69,28.67,24.45,25.26,25.05,26.64,24.35,25.02,23.92,27.17,28.3,26.44,25.33,24.66,22.88,23.06,22.98,24.09,24.84,24.98,24.62,24.55,23.55,22.87,22.59,20.95,21.02,21.79,19.86,20.77,17.81,17.37,18.08,17.44,17.8,16.64,16.04,14.95,15.83,15.59,16.77,16.5,15.54,14.13,12.98,13.22,13.65,12.94,14.06
Aland Islands,0,0,0,0,0,0,0,0,0,0,0,0,0,0,0,0,0,0,0,0,0,0,0,0,0,0,0,0,0,0,0,0,0,0,0,0,0,0,0,0,0,0,0,0,0,0,0,0,0,0,0,0,0,0,0,0,0,0,0,0,0
Azerbaijan,10.32,11.61,13.66,15.19,15.71,14.97,15.39,15.16,15.2,14.65,14.42,15.59,14.43,14.74,14.59,12.98,13.57,14.07,14.64,14.61,14.7,15.25,15.36,15.87,16.76,17.3,17.51,17.65,17.65,17.27,17.5,17.27,17.91,17.38,16.48,15.96,15.57,15.45,15.28,14.14,13.26,12.7,11.56,10.94,10.78,10.6,9.87,9.28,8.25,8.15,8.15,8.02,7.78,8.19,8.12,7.8,7.49,7.07,6.93,6.74,6.59
Qatar,9.85,12.16,13.92,11.51,10.97,11.37,10.99,11.38,12.35,12.46,12.96,12.81,12.57,13.06,13.88,14.14,14.28,14.19,14.52,15.1,15.1,14.42,14.43,14.61,14.94,15.49,15.11,14.85,15.17,14.62,14.68,14.57,14.38,14.49,14.27,14.24,15.13,16.66,15.14,14.95,15.11,14.73,14.55,14.62,15.49,15.06,15.21,15.05,14.62,14.64,13.58,13.57,13.31,13.5,13.04,13.28,13.16,12.87,12.95,12.84,12.83
Liby An Arab Jamahiriya,10.52,12.73,14.2,11.07,12.09,13.06,14.32,14.21,15.42,18.49,18.09,19.13,20.31,21.12,22.13,22.14,22.09,22.13,21.97,23.16,21.81,20.69,19.8,20.06,19.61,20.51,22.07,21.95,21.61,21.6,21.13,21.6,21.07,19.44,20.76,21.2,22.19,23.08,23.98,24.12,25.37,26.17,26.5,26.35,26.52,26.16,28.04,28.05,27.44,26.24,25.06,25.22,25.62,25.93,24.94,25.22,25.14,26.42,25.75,25.72,24.42
Antigua & Barbuda,0,0,0,0,0,0,0,0,0,0,0,0,0,0,0,0,0,0,0,0,0,0,0,0,0,0,0,0,0,0,0,0,0,0,0,0,0,0,0,0,0,0,0,0,0,0,0,0,0,0,0,0,0,0,0,0,0,0,0,0,0
Bouvet Island,0,0,0,0,0,0,0,0,0,0,0,0,0,0,0,0,0,0,0,0,0,0,0,0,0,0,0,0,0,0,0,0,0,0,0,0,0,0,0,0,0,0,0,0,0,0,0,0,0,0,0,0,0,0,0,0,0,0,0,0,0
Cote D'ivoire (Ivory Coast),16.9,21.12,18.51,19.17,20.04,24.12,23.29,23.88,24.54,24.97,23.85,23.49,23.5,27.33,29.92,28.77,28.48,30.03,30.42,28.99,28.74,31.67,34.07,36.35,34.95,37.3,38.24,38.06,37.58,40.75,43.81,45.56,43.32,39.36,43.35,45.01,46.44,44.82,42.94,41.75,43.89,41.05,40.19,39.63,41.76,42.34,45.75,45,44.95,44.36,42.95,42.83,42.62,41.93,42,41.92,41.05,40.03,39.64,39.98,39.66
East Timor,0,0,0,0,0,0,0,0,0,0,0,0,0,0,0,0,0,0,0,0,0,0,0,0,0,0,0,0,0,0,0,0,0,0,0,0,0,0,0,0,0,0,0,0,0,0,0,0,0,0,0,0,0,0,0,0,0,0,0,0,0
Macua,0,0,0,0,0,0,0,0,0,0,0,0,0,0,0,0,0,0,0,0,0,0,0,0,0,0,0,0,0,0,0,0,0,0,0,0,0,0,0,0,0,0,0,0,0,0,0,0,0,0,0,0,0,0,0,0,0,0,0,0,0
Gibralter,0,0,0,0,0,0,0,0,0,0,0,0,0,0,0,0,0,0,0,0,0,0,0,0,0,0,0,0,0,0,0,0,0,0,0,0,0,0,0,0,0,0,0,0,0,0,0,0,0,0,0,0,0,0,0,0,0,0,0,0,0
Guinea Bissau,0,0,0,0,0,0,0,0,0,0,0,0,0,0,0,0,0,0,0,0,0,0,0,0,0,0,0,0,0,0,0,0,0,0,0,0,0,0,0,0,0,0,0,0,0,0,0,0,0,0,0,0,0,0,0,0,0,0,0,0,0
Heard and McDonald Islands,0,0,0,0,0,0,0,0,0,0,0,0,0,0,0,0,0,0,0,0,0,0,0,0,0,0,0,0,0,0,0,0,0,0,0,0,0,0,0,0,0,0,0,0,0,0,0,0,0,0,0,0,0,0,0,0,0,0,0,0,0
Kirabati,0,0,0,0,0,0,0,0,0,0,0,0,0,0,0,0,0,0,0,0,0,0,0,0,0,0,0,0,0,0,0,0,0,0,0,0,0,0,0,0,0,0,0,0,0,0,0,0,0,0,0,0,0,0,0,0,0,0,0,0,0
"Laos, Peoples Democratic Republic of",0,0,0,0,0,0,0,0,0,0,0,0,0,0,0,0,0,0,0,0,0,0,0,0,0,0,0,0,0,0,0,0,0,0,0,0,0,0,0,0,0,0,0,0,0,0,0,0,0,0,0,0,0,0,0,0,0,0,0,0,0
Macua,0,0,0,0,0,0,0,0,0,0,0,0,0,0,0,0,0,0,0,0,0,0,0,0,0,0,0,0,0,0,0,0,0,0,0,0,0,0,0,0,0,0,0,0,0,0,0,0,0,0,0,0,0,0,0,0,0,0,0,0,0
"Micronesia, (Federated States of)",0,0,0,0,0,0,0,0,0,0,0,0,0,0,0,0,0,0,0,0,0,0,0,0,0,0,0,0,0,0,0,0,0,0,0,0,0,0,0,0,0,0,0,0,0,0,0,0,0,0,0,0,0,0,0,0,0,0,0,0,0
St. Helena,0,0,0,0,0,0,0,0,0,0,0,0,0,0,0,0,0,0,0,0,0,0,0,0,0,0,0,0,0,0,0,0,0,0,0,0,0,0,0,0,0,0,0,0,0,0,0,0,0,0,0,0,0,0,0,0,0,0,0,0,0
St. Pierre and Miquelon,0,0,0,0,0,0,0,0,0,0,0,0,0,0,0,0,0,0,0,0,0,0,0,0,0,0,0,0,0,0,0,0,0,0,0,0,0,0,0,0,0,0,0,0,0,0,0,0,0,0,0,0,0,0,0,0,0,0,0,0,0
St.Kitts & Nevis,0,0,0,0,0,0,0,0,0,0,0,0,0,0,0,0,0,0,0,0,0,0,0,0,0,0,0,0,0,0,0,0,0,0,0,0,0,0,0,0,0,0,0,0,0,0,0,0,0,0,0,0,0,0,0,0,0,0,0,0,0
St.Vincent,0,0,0,0,0,0,0,0,0,0,0,0,0,0,0,0,0,0,0,0,0,0,0,0,0,0,0,0,0,0,0,0,0,0,0,0,0,0,0,0,0,0,0,0,0,0,0,0,0,0,0,0,0,0,0,0,0,0,0,0,0
Svalbard and the Jan Mayen Islands,0,0,0,0,0,0,0,0,0,0,0,0,0,0,0,0,0,0,0,0,0,0,0,0,0,0,0,0,0,0,0,0,0,0,0,0,0,0,0,0,0,0,0,0,0,0,0,0,0,0,0,0,0,0,0,0,0,0,0,0,0
Tuvula,0,0,0,0,0,0,0,0,0,0,0,0,0,0,0,0,0,0,0,0,0,0,0,0,0,0,0,0,0,0,0,0,0,0,0,0,0,0,0,0,0,0,0,0,0,0,0,0,0,0,0,0,0,0,0,0,0,0,0,0,0
Virgin Islands (British),0,0,0,0,0,0,0,0,0,0,0,0,0,0,0,0,0,0,0,0,0,0,0,0,0,0,0,0,0,0,0,0,0,0,0,0,0,0,0,0,0,0,0,0,0,0,0,0,0,0,0,0,0,0,0,0,0,0,0,0,0
Yugoslavia,46.12,43.59,38.25,44.36,45.76,48.72,46.66,46.78,47.11,48.31,47.84,47.73,48.51,49.42,49.78,49.55,48.76,48.29,46.98,47.88,47.45,49.9,48.55,49.13,48.14,47.75,47.66,46.34,45.69,44.84,44.44,43.83,43.34,43.35,43.12,42.84,42.58,42.29,42.04,41.27,40.81,40.2,39.15,38.45,38.08,38.45,39,38.56,38.26,38.06,37.65,37.28,37.48,37.62,37.47,37.14,36.39,36.19,35.69,35.45,34.95
Netherlands Antilles,0,0,0,0,0,0,0,0,0,0,0,0,0,0,0,0,0,0,0,0,0,0,0,0,0,0,0,0,0,0,0,0,0,0,0,0,0,0,0,0,0,0,0,0,0,0,0,0,0,0,0,0,0,0,0,0,0,0,0,0,0
France,0,0,0,0,0,0,0,0,0,0,0,0,0,0,0,0,0,0,0,0,0,0,0,0,0,0,0,0,0,0,0,0,0,0,0,0,0,0,0,0,0,0,0,0,0,0,0,0,0,0,0,0,0,0,0,0,0,0,0,0,0
